Date;Time;CO(GT);PT08.S1(CO);NMHC(GT);C6H6(GT);PT08.S2(NMHC);NOx(GT);PT08.S3(NOx);NO2(GT);PT08.S4(NO2);PT08.S5(O3);T;RH;AH
2015-01-18;23:00:00;0,2;1125;-200;4,9;758;167;820;104;1241;867;9,8;81,9;0,9923
2015-01-19;00:00:00;0,9;1197;-200;6,6;840;232;712;124;1298;974;9,5;83,8;0,9972
2015-01-19;01:00:00;1;1174;-200;6,7;842;273;723;127;1286;975;9,9;81;0,9885
2015-01-19;02:00:00;0,4;1106;-200;4,4;733;165;822;109;1208;902;9,9;79,8;0,9725
2015-01-19;03:00:00;-200;873;-200;1,5;549;-200;1106;-200;1008;791;6,9;76,4;0,7661
2015-01-19;04:00:00;-200;828;-200;1,1;506;75;1222;73;945;673;4,8;75,7;0,659
2015-01-19;05:00:00;-200;830;-200;0,9;492;53;1263;52;948;578;4,7;78,9;0,682
2015-01-19;06:00:00;-200;840;-200;1,2;515;72;1235;57;941;563;5;75;0,6627
2015-01-19;07:00:00;0,1;909;-200;2,5;622;130;1046;89;992;730;5,6;69,5;0,6362
2015-01-19;08:00:00;0,7;1098;-200;7,6;881;265;760;128;1203;974;7;64,9;0,6512
2015-01-19;09:00:00;1,2;1036;-200;7,3;868;314;732;152;1158;958;7,1;65,4;0,6644
2015-01-19;10:00:00;0,2;912;-200;3,7;692;194;923;128;1020;713;6,4;67,4;0,6537
2015-01-19;11:00:00;-200;873;-200;2,5;618;180;1036;124;994;617;5,3;75,9;0,6824
2015-01-19;12:00:00;-200;889;-200;2,7;634;181;1009;117;1018;591;6,3;73;0,7024
2015-01-19;13:00:00;0,3;965;-200;4,6;742;193;889;110;1099;661;8,6;63,3;0,7073
2015-01-19;14:00:00;0,6;1009;-200;6,7;845;263;771;128;1132;856;10;55;0,6753
2015-01-19;15:00:00;0,2;918;-200;4,3;729;176;904;114;1014;639;9,4;53,6;0,6333
2015-01-19;16:00:00;0,2;920;-200;4,3;729;168;891;110;1013;647;9,2;55;0,6402
2015-01-19;17:00:00;0,7;923;-200;4,1;715;170;915;112;1015;646;8,7;55,1;0,6228
2015-01-19;18:00:00;1,8;1021;-200;7,6;883;234;766;130;1139;846;8,9;54,4;0,62
2015-01-19;19:00:00;2,2;998;-200;7;858;256;770;135;1109;857;8,6;53,6;0,5992
2015-01-19;20:00:00;2,3;1061;-200;9,6;962;257;721;141;1167;942;9;50,4;0,5809
2015-01-19;21:00:00;2,6;1016;-200;7,8;892;317;758;141;1109;945;9,2;49,8;0,5808
2015-01-19;22:00:00;1,1;859;-200;2,4;611;135;1053;95;918;562;8,8;52,1;0,5918
2015-01-19;23:00:00;1,2;945;-200;3,9;707;159;963;97;1005;657;8,8;50,9;0,5781
2015-01-20;00:00:00;1,8;937;-200;4,1;715;186;896;112;995;723;8,7;51,1;0,5755
2015-01-20;01:00:00;1,1;876;-200;2,5;618;102;1032;74;948;555;8,6;51,5;0,5772
2015-01-20;02:00:00;0,9;831;-200;1,3;530;75;1169;62;893;472;8,5;51,9;0,5766
2015-01-20;03:00:00;0,7;828;-200;1,2;514;-200;1205;-200;880;434;8,1;53,1;0,5742
2015-01-20;04:00:00;0,6;810;-200;0,7;470;41;1315;40;863;412;7,8;54,2;0,5755
2015-01-20;05:00:00;0,6;822;-200;0,9;493;50;1278;45;876;453;7,1;56;0,569
2015-01-20;06:00:00;0,9;898;-200;2,9;646;189;1013;93;954;702;7;57,6;0,5784
2015-01-20;07:00:00;1;909;-200;2,7;636;182;992;104;947;720;7,5;55,3;0,5734
2015-01-20;08:00:00;3,4;1256;-200;14,4;1130;636;616;162;1316;1311;7;56,3;0,566
2015-01-20;09:00:00;4,2;1298;-200;17,2;1217;704;552;169;1409;1444;7,6;53,5;0,5605
2015-01-20;10:00:00;4,4;1326;-200;17,4;1223;854;547;190;1381;1613;8,3;50,5;0,5558
2015-01-20;11:00:00;2,9;1139;-200;11,5;1031;652;649;170;1181;1388;12,4;37,1;0,5329
2015-01-20;12:00:00;2,6;1135;-200;11,9;1047;529;641;151;1175;1379;13,9;32,3;0,5117
2015-01-20;13:00:00;2,6;1117;-200;12,6;1071;438;638;150;1178;1289;14,4;28,9;0,4723
2015-01-20;14:00:00;3;1094;-200;14,3;1128;438;626;154;1191;1280;14,8;25,4;0,4259
2015-01-20;15:00:00;2,3;982;-200;10,3;990;378;745;140;1018;1059;15,1;20,8;0,3536
2015-01-20;16:00:00;3;1107;-200;14,5;1134;482;639;167;1172;1299;15,4;23,5;0,4076
2015-01-20;17:00:00;4,5;1290;-200;21,9;1349;709;534;204;1386;1638;13,7;28,1;0,4381
2015-01-20;18:00:00;6;1445;-200;28,5;1516;796;455;210;1594;1946;11,5;37,5;0,5068
2015-01-20;19:00:00;4,3;1357;-200;21,2;1330;605;511;182;1414;1798;10,4;42,3;0,5337
2015-01-20;20:00:00;3,4;1248;-200;16;1179;472;577;165;1259;1609;9,9;44;0,5381
2015-01-20;21:00:00;2,8;1220;-200;13;1085;411;618;150;1205;1531;8,7;48,3;0,5458
2015-01-20;22:00:00;2,1;1137;-200;7;856;264;758;132;1032;1338;8,1;49,9;0,5417
2015-01-20;23:00:00;1,7;1102;-200;6,4;829;217;773;120;1015;1274;7,3;52,8;0,5419
2015-01-21;00:00:00;1,8;1082;-200;5,8;801;211;780;119;1035;1200;8;52,2;0,5623
2015-01-21;01:00:00;1,6;1053;-200;5,6;795;179;786;110;1039;1143;6,8;56,4;0,5609
2015-01-21;02:00:00;1,4;1003;-200;4,5;740;135;847;94;992;1048;6,7;57,4;0,5654
2015-01-21;03:00:00;1,3;1019;-200;4,6;744;-200;836;-200;1000;1049;5,9;62,1;0,5806
2015-01-21;04:00:00;-200;1071;-200;5,9;808;221;757;101;1046;1172;5,4;65,9;0,5947
2015-01-21;05:00:00;1,3;1118;-200;6,6;841;284;702;117;1056;1368;5,5;66,5;0,6054
2015-01-21;06:00:00;1,6;1206;-200;9,2;948;357;628;121;1129;1540;5,9;65,8;0,6178
2015-01-21;07:00:00;2,4;1256;-200;12,2;1056;469;582;138;1230;1575;6,4;63,9;0,6192
2015-01-21;08:00:00;4,5;1501;-200;22,6;1367;766;465;174;1558;1856;7,2;62,2;0,6351
2015-01-21;09:00:00;5,7;1578;-200;29;1527;875;419;179;1761;2086;7,9;60;0,6406
2015-01-21;10:00:00;4,3;1427;-200;19,4;1280;800;500;175;1481;1948;8,3;58,5;0,6403
2015-01-21;11:00:00;4,2;1440;-200;20,5;1311;815;482;183;1476;2022;9,3;54,5;0,6415
2015-01-21;12:00:00;4,5;1522;-200;22,5;1365;841;464;189;1526;2104;10,2;53,1;0,6608
2015-01-21;13:00:00;5;1517;-200;24;1403;827;451;198;1579;2195;11,1;51,4;0,679
2015-01-21;14:00:00;2,9;1300;-200;13,9;1113;402;573;142;1291;1845;12,8;46,9;0,6919
2015-01-21;15:00:00;3;1401;-200;16,8;1204;415;526;139;1401;1947;13,1;48;0,7181
2015-01-21;16:00:00;3,3;1551;-200;20,2;1303;435;469;99;1520;2171;13,5;51,5;0,793
2015-01-21;17:00:00;1,4;1411;-200;16,4;1191;570;519;135;1426;1920;13,4;51,2;0,7808
2015-01-21;18:00:00;2,3;1434;-200;18;1239;530;506;223;1458;1835;12,1;55,3;0,7777
2015-01-21;19:00:00;1,6;1489;-200;20,3;1305;617;476;194;1547;1919;12;56,5;0,7924
2015-01-21;20:00:00;4,9;1835;-200;38,1;1731;983;355;244;2083;2254;10,4;64,4;0,8123
2015-01-21;21:00:00;6,4;1804;-200;35,7;1679;1200;370;243;2015;2210;9,4;69,1;0,815
2015-01-21;22:00:00;3,5;1579;-200;21,8;1345;1028;459;230;1608;1961;8,9;71;0,8115
2015-01-21;23:00:00;1,7;1508;-200;18,2;1246;797;496;207;1498;1791;8,1;73,8;0,7968
2015-01-22;00:00:00;2,6;1535;-200;20,1;1300;977;483;223;1524;1725;7,3;76,8;0,7904
2015-01-22;01:00:00;1,6;1395;-200;14,4;1131;811;552;216;1362;1553;7,3;76,7;0,7862
2015-01-22;02:00:00;1,5;1392;-200;15,1;1153;757;542;198;1395;1506;7,1;77,3;0,7826
2015-01-22;03:00:00;0,9;1326;-200;13,1;1087;-200;571;-200;1333;1398;6,7;78,7;0,7779
2015-01-22;04:00:00;0,5;1297;-200;11,5;1032;388;605;126;1297;1300;7;77,8;0,7848
2015-01-22;05:00:00;0,9;1331;-200;13,7;1106;497;568;144;1322;1383;5,7;80,5;0,7416
2015-01-22;06:00:00;0,4;1288;-200;11,6;1036;582;590;183;1242;1413;5,2;81,4;0,7276
2015-01-22;07:00:00;0,5;1322;-200;13,2;1091;574;565;193;1307;1471;5,6;80,4;0,7349
2015-01-22;08:00:00;0,8;1390;-200;15,6;1167;588;522;196;1392;1619;6,3;78,8;0,7544
2015-01-22;09:00:00;1,4;1443;-200;16,9;1207;645;502;208;1431;1673;6,9;76,9;0,7682
2015-01-22;10:00:00;1,6;1496;-200;18,5;1254;643;484;217;1472;1881;9,2;67,7;0,79
2015-01-22;11:00:00;1,5;1439;-200;16,6;1198;628;502;246;1426;1877;11,6;59,8;0,8152
2015-01-22;12:00:00;1;1432;-200;15;1150;547;527;204;1393;1818;14;52;0,8288
2015-01-22;13:00:00;1;1398;-200;15;1149;461;535;192;1417;1699;15;50,2;0,8495
2015-01-22;14:00:00;1,3;1380;-200;16,9;1206;455;515;186;1500;1677;14,9;49,9;0,8394
2015-01-22;15:00:00;0,1;1022;-200;7;857;244;770;133;1068;1088;15,8;33,8;0,6034
2015-01-22;16:00:00;-200;973;-200;5,9;806;202;851;126;994;926;15,4;29,3;0,5068
2015-01-22;17:00:00;-200;951;-200;7,1;862;256;823;138;972;961;14,4;25,7;0,4193
2015-01-22;18:00:00;0,1;987;-200;8,6;925;310;776;148;1016;1066;13,4;27,2;0,4157
2015-01-22;19:00:00;0,4;1100;-200;12,2;1057;391;687;167;1126;1241;12,2;28,7;0,4077
2015-01-22;20:00:00;0,7;1064;-200;12,6;1072;444;704;175;1103;1220;11,3;25,7;0,3422
2015-01-22;21:00:00;2,7;1316;-200;21,1;1327;794;549;224;1328;1613;9,7;31,9;0,3848
2015-01-22;22:00:00;2,1;1262;-200;16,9;1208;716;587;215;1219;1577;8,4;36,5;0,4035
2015-01-22;23:00:00;1,3;1259;-200;15,1;1152;565;610;196;1165;1569;8,2;36,8;0,4016
2015-01-23;00:00:00;0,8;1166;-200;10,1;981;451;697;195;993;1445;8;36;0,3872
2015-01-23;01:00:00;-200;1066;-200;7,5;880;313;784;181;946;1240;7;39,9;0,4006
2015-01-23;02:00:00;-200;1051;-200;7,6;883;241;783;150;978;1169;5,7;44,3;0,4093
2015-01-23;03:00:00;-200;992;-200;5,9;808;-200;849;-200;926;1052;4,7;46,6;0,4025
2015-01-23;04:00:00;-200;969;-200;5,5;788;224;854;139;938;1006;4,2;50,8;0,4234
2015-01-23;05:00:00;-200;862;-200;2,3;609;82;1101;74;810;757;4,6;45,1;0,3861
2015-01-23;06:00:00;-200;859;-200;2;581;89;1112;73;829;753;2,7;53,3;0,4006
2015-01-23;07:00:00;-200;849;-200;1,6;552;93;1165;77;812;737;3,1;51;0,3947
2015-01-23;08:00:00;-200;879;-200;2,1;594;134;1119;98;839;792;2,5;54,1;0,4017
2015-01-23;09:00:00;-200;956;-200;4,4;735;189;915;121;942;945;3,1;53,5;0,4123
2015-01-23;10:00:00;-200;1039;-200;6,4;828;292;791;162;987;1115;5;47,5;0,418
2015-01-23;11:00:00;-200;1066;-200;7,3;871;326;775;178;996;1131;5,8;43,4;0,4032
2015-01-23;12:00:00;-200;1124;-200;8,7;927;397;722;206;1047;1242;7,1;42,8;0,4327
2015-01-23;13:00:00;-200;1160;-200;9,2;948;371;712;191;1072;1289;7,9;41,6;0,4459
2015-01-23;14:00:00;-200;1110;-200;7,9;896;305;737;175;1040;1276;8,1;41,2;0,448
2015-01-23;15:00:00;-200;1138;-200;9;940;328;706;169;1088;1359;8,3;41,3;0,4533
2015-01-23;16:00:00;-200;1095;-200;7;857;281;756;180;1075;1020;8,9;49,1;0,5629
2015-01-23;17:00:00;-200;1045;-200;3,7;694;168;911;124;1025;805;7,1;66;0,6678
2015-01-23;18:00:00;-200;1078;-200;4,3;727;183;849;130;1057;857;5,7;75,1;0,6942
2015-01-23;19:00:00;-200;1169;-200;6,8;846;217;767;141;1157;942;5,4;77,6;0,7031
2015-01-23;20:00:00;-200;1174;-200;8,7;926;245;674;157;1220;1020;5,4;78,2;0,7074
2015-01-23;21:00:00;-200;1075;-200;4,7;749;154;827;123;1050;899;7,3;68,1;0,6979
2015-01-23;22:00:00;-200;1044;-200;3,5;685;141;903;104;1042;860;5,8;74,4;0,6924
2015-01-23;23:00:00;-200;1110;-200;5,4;782;210;798;134;1101;954;6,2;72,3;0,6887
2015-01-24;00:00:00;-200;1086;-200;4,4;733;140;848;105;1064;883;5,9;72,7;0,6791
2015-01-24;01:00:00;-200;1092;-200;6;811;191;773;121;1129;966;5;76,5;0,6728
2015-01-24;02:00:00;0,1;1127;-200;7,6;884;248;704;136;1173;983;4;80,4;0,663
2015-01-24;03:00:00;-200;881;-200;1,9;578;-200;1017;-200;876;607;5,8;59;0,5493
2015-01-24;04:00:00;-200;831;-200;1;498;50;1237;48;855;443;5,8;59,5;0,5519
2015-01-24;05:00:00;0,3;791;-200;0,6;459;43;1421;40;809;390;6,6;51,3;0,5026
2015-01-24;06:00:00;0,5;836;-200;1,2;520;86;1296;67;832;479;7;47,2;0,4745
2015-01-24;07:00:00;0,6;907;-200;2,9;644;152;1028;104;902;732;6,6;47,9;0,4686
2015-01-24;08:00:00;1,8;1174;-200;11,1;1018;341;688;169;1210;1149;7,2;49,8;0,5061
2015-01-24;09:00:00;2;1094;-200;9,7;967;355;682;203;1147;1136;6,9;52,8;0,5293
2015-01-24;10:00:00;1,4;992;-200;5,7;800;327;797;183;1007;934;8,7;46,7;0,5249
2015-01-24;11:00:00;0,6;955;-200;5,4;783;240;844;151;976;845;10;40,6;0,4971
2015-01-24;12:00:00;0,5;959;-200;5,1;771;217;852;138;975;808;11,8;35,4;0,4877
2015-01-24;13:00:00;0,7;981;-200;5,8;804;191;829;127;997;783;10,7;37,2;0,4788
2015-01-24;14:00:00;0,7;947;-200;5,6;791;-200;825;-200;963;785;10,9;34,9;0,456
2015-01-24;15:00:00;1,1;1023;-200;8;898;256;759;148;1034;899;10,7;33,1;0,4256
2015-01-24;16:00:00;1,3;1009;-200;7,1;860;287;787;172;993;922;10,6;34,2;0,4375
2015-01-24;17:00:00;1;1007;-200;7,6;884;278;780;163;1014;951;8,9;38,1;0,4341
2015-01-24;18:00:00;1,5;1054;-200;10,4;992;302;715;180;1092;1051;7,8;39,7;0,4206
2015-01-24;19:00:00;1,5;1018;-200;8,9;934;259;740;169;1014;967;7,3;42,2;0,4341
2015-01-24;20:00:00;1,2;976;-200;7,3;870;221;795;152;971;861;6,9;42,5;0,4257
2015-01-24;21:00:00;0,3;872;-200;3,6;689;142;970;107;866;631;6,6;43,2;0,4247
2015-01-24;22:00:00;-200;805;-200;1,7;559;93;1183;75;781;466;6,4;41,7;0,4034
2015-01-24;23:00:00;-200;800;-200;1,5;541;71;1250;58;779;407;6,1;42,6;0,4041
2015-01-25;00:00:00;-200;785;-200;1;504;66;1306;57;760;387;5,9;41,8;0,3928
2015-01-25;01:00:00;-200;757;-200;0,6;459;49;1447;44;735;337;5,7;41,5;0,3836
2015-01-25;02:00:00;-200;751;-200;0,4;424;29;1583;29;726;303;5,5;42,4;0,3867
2015-01-25;03:00:00;-200;766;-200;0,3;412;-200;1651;-200;763;295;4,5;52;0,4436
2015-01-25;04:00:00;-200;759;-200;0,2;399;19;1696;19;749;288;4,3;51,6;0,4323
2015-01-25;05:00:00;-200;758;-200;0,2;388;20;1785;20;765;274;3,7;56,3;0,453
2015-01-25;06:00:00;-200;761;-200;0,1;383;39;1745;35;787;289;3,3;58,1;0,4559
2015-01-25;07:00:00;-200;762;-200;0,4;434;77;1556;60;763;318;3,9;47,3;0,3862
2015-01-25;08:00:00;0,2;869;-200;2,9;646;180;1068;115;876;476;4,3;45,9;0,3843
2015-01-25;09:00:00;0,7;938;-200;5,4;785;243;853;157;969;704;4,2;50,1;0,4168
2015-01-25;10:00:00;0,5;951;-200;5,1;769;236;856;147;1000;735;3,4;62,7;0,4943
2015-01-25;11:00:00;0,4;892;-200;3,8;702;297;935;188;924;735;5;51,4;0,4534
2015-01-25;12:00:00;0,3;876;-200;3,9;703;235;968;126;892;653;5,7;44,1;0,4063
2015-01-25;13:00:00;0,3;872;-200;3,6;686;186;972;114;880;603;5,2;44,5;0,3968
2015-01-25;14:00:00;0,4;893;-200;4,2;722;196;932;123;917;645;4,7;48,6;0,4194
2015-01-25;15:00:00;0,2;879;-200;3,6;687;167;980;107;914;564;4,5;51;0,4327
2015-01-25;16:00:00;0,4;896;-200;3,6;689;211;966;121;909;614;5,1;50,1;0,4432
2015-01-25;17:00:00;0,4;909;-200;3,9;706;194;928;118;923;658;5;50,4;0,443
2015-01-25;18:00:00;0,7;958;-200;4,9;758;206;858;134;985;719;4,3;56,4;0,4721
2015-01-25;19:00:00;1;984;-200;5,8;803;211;813;142;1012;772;4,3;56,7;0,476
2015-01-25;20:00:00;1,1;991;-200;6,1;814;197;790;133;1040;812;4,3;57;0,4771
2015-01-25;21:00:00;0,3;881;-200;2,8;638;139;990;106;910;583;3,5;60,3;0,4782
2015-01-25;22:00:00;0,1;853;-200;2,4;616;113;1071;87;870;491;4,1;52,5;0,4351
2015-01-25;23:00:00;-200;804;-200;1,5;546;81;1194;67;796;400;3,9;50,6;0,4127
2015-01-26;00:00:00;-200;788;-200;1,1;514;63;1285;55;771;354;3,9;47,7;0,3901
2015-01-26;01:00:00;-200;788;-200;0,9;487;55;1346;49;769;329;4;47,8;0,3939
2015-01-26;02:00:00;-200;763;-200;0,4;428;31;1532;30;757;296;3,9;50,9;0,4144
2015-01-26;03:00:00;-200;771;-200;0,3;410;-200;1622;-200;765;283;3;57,7;0,4423
2015-01-26;04:00:00;-200;747;-200;0,2;390;20;1775;20;738;266;3,3;52,8;0,4137
2015-01-26;05:00:00;-200;744;-200;0,1;383;17;1881;17;720;253;2,7;53,9;0,4062
2015-01-26;06:00:00;-200;774;-200;0,5;441;42;1646;35;760;282;2,8;54,4;0,411
2015-01-26;07:00:00;-200;800;-200;0,9;492;90;1310;71;783;353;3,6;49;0,3915
2015-01-26;08:00:00;0,3;896;-200;3,3;668;227;1043;136;887;519;3,3;50,2;0,3934
2015-01-26;09:00:00;0,6;913;-200;4,4;733;250;902;163;901;681;3,5;47,5;0,3778
2015-01-26;10:00:00;0,3;871;-200;2,8;638;219;1022;143;860;583;4,3;49,4;0,4136
2015-01-26;11:00:00;0,1;872;-200;3,2;662;211;1007;134;874;628;4,5;48,4;0,4131
2015-01-26;12:00:00;0,1;858;-200;2,7;634;189;1053;130;868;566;4,3;50;0,4199
2015-01-26;13:00:00;0,2;876;-200;3,5;683;180;993;122;894;572;4,3;49,7;0,4166
2015-01-26;14:00:00;0,5;900;-200;4,8;751;197;891;129;913;637;4,9;45,3;0,3955
2015-01-26;15:00:00;0,3;864;-200;3,4;678;198;987;132;866;579;5,6;42,4;0,3884
2015-01-26;16:00:00;0,3;902;-200;4,2;721;203;924;133;900;666;5,7;43,1;0,3984
2015-01-26;17:00:00;0,3;916;-200;4,2;720;188;912;126;922;707;4,8;49,7;0,4305
2015-01-26;18:00:00;1;1004;-200;8,5;918;294;752;177;1033;990;5,1;43;0,3821
2015-01-26;19:00:00;1,4;1024;-200;9,2;945;302;729;185;1073;1026;5,3;44,4;0,397
2015-01-26;20:00:00;1,4;1011;-200;7,6;884;261;763;169;1048;910;4,9;47,9;0,418
2015-01-26;21:00:00;1,1;1006;-200;6,2;822;232;794;151;1025;897;4,7;50,8;0,4398
2015-01-26;22:00:00;0,4;913;-200;2,9;645;154;966;114;922;651;4,6;54,8;0,4704
2015-01-26;23:00:00;0,2;905;-200;2,5;620;120;986;90;904;598;4;56,8;0,4688
2015-01-27;00:00:00;0,2;872;-200;2,6;628;117;1009;87;857;560;4,2;46,8;0,39
2015-01-27;01:00:00;0,2;843;-200;2,2;597;108;1059;83;808;527;4,5;42;0,3571
2015-01-27;02:00:00;0,2;863;-200;2,5;622;97;1025;74;826;574;4,1;42,1;0,3487
2015-01-27;03:00:00;-200;791;-200;0,8;480;-200;1259;-200;738;422;4,5;39,7;0,3379
2015-01-27;04:00:00;-200;769;-200;0,3;412;28;1481;28;727;326;4,4;42,2;0,3571
2015-01-27;05:00:00;0,4;778;-200;0,3;417;27;1531;26;745;312;4,1;45,9;0,3804
2015-01-27;06:00:00;0,5;801;-200;0,7;470;81;1313;61;762;382;4,3;42,5;0,3556
2015-01-27;07:00:00;0,7;827;-200;1,4;533;129;1198;91;775;488;4,6;38,1;0,3267
2015-01-27;08:00:00;1,9;1038;-200;6,6;837;336;822;184;972;915;4,6;39,4;0,3367
2015-01-27;09:00:00;2,4;1040;-200;8,4;917;335;739;204;1038;1021;4,8;41,9;0,3634
2015-01-27;10:00:00;2;980;-200;5,5;790;318;839;185;934;897;5,9;40,2;0,376
2015-01-27;11:00:00;1,3;912;-200;3,5;683;201;961;125;872;699;7;38,4;0,3861
2015-01-27;12:00:00;1;887;-200;3;649;166;1009;104;854;588;6,6;40,2;0,3944
2015-01-27;13:00:00;1,2;922;-200;4,1;716;192;930;115;893;643;6,6;41,2;0,4046
2015-01-27;14:00:00;1,5;928;-200;4,7;748;198;900;126;900;685;7,3;36,8;0,3779
2015-01-27;15:00:00;1,3;921;-200;4,5;736;198;921;125;881;673;7,3;35;0,3584
2015-01-27;16:00:00;1,5;905;-200;4,7;747;223;924;139;850;691;7;33,5;0,3367
2015-01-27;17:00:00;1,5;906;-200;5,1;769;224;913;142;865;726;6,5;32,4;0,3155
2015-01-27;18:00:00;2,1;981;-200;7,7;886;266;819;170;928;912;5,7;33,9;0,3131
2015-01-27;19:00:00;2,6;1053;-200;10,3;987;326;750;195;1025;1048;5;36,1;0,3178
2015-01-27;20:00:00;3;1086;-200;11,5;1032;343;717;202;1049;1136;4,7;38,3;0,3306
2015-01-27;21:00:00;2;967;-200;6;811;243;863;168;911;909;4,5;39,9;0,339
2015-01-27;22:00:00;1,4;902;-200;3,6;689;177;995;128;838;719;4,3;41,1;0,3451
2015-01-27;23:00:00;1,3;916;-200;4,3;725;155;953;115;855;746;4;43,1;0,3551
2015-01-28;00:00:00;1,2;895;-200;3,4;677;143;999;111;827;700;3,7;46;0,3701
2015-01-28;01:00:00;1,1;866;-200;2,4;613;124;1075;97;810;579;3,3;47,4;0,3716
2015-01-28;02:00:00;0,9;861;-200;2;585;94;1120;77;807;553;3;49,1;0,3774
2015-01-28;03:00:00;0,8;845;-200;1,4;534;-200;1146;-200;781;519;3,5;48;0,3822
2015-01-28;04:00:00;0,6;849;-200;1,2;522;56;1158;51;779;467;3,6;48;0,3835
2015-01-28;05:00:00;0,5;818;-200;0,9;486;58;1282;49;781;422;4;47,8;0,3919
2015-01-28;06:00:00;0,6;864;-200;1,6;554;105;1159;79;819;545;4,1;48,1;0,3975
2015-01-28;07:00:00;0,7;856;-200;1,7;559;122;1138;92;810;556;4,1;47,4;0,3926
2015-01-28;08:00:00;1,6;1024;-200;6,2;823;274;827;167;992;879;4,2;48,7;0,4073
2015-01-28;09:00:00;2,2;1050;-200;8,2;909;342;742;206;1055;993;4,1;49,8;0,4117
2015-01-28;10:00:00;1,8;984;-200;6,4;832;296;822;184;966;892;4,3;48,4;0,4043
2015-01-28;11:00:00;1,5;990;-200;5,9;808;279;838;176;975;901;4,6;49,7;0,4271
2015-01-28;12:00:00;1,8;970;-200;5,7;798;325;842;191;941;874;4,5;49,6;0,421
2015-01-28;13:00:00;1,4;943;-200;5,3;781;222;871;147;925;722;4,4;48,4;0,4087
2015-01-28;14:00:00;2,1;994;-200;7,3;871;279;793;174;997;836;4,7;47,2;0,4075
2015-01-28;15:00:00;1,6;932;-200;5,1;767;248;888;167;920;669;4,2;49,5;0,4118
2015-01-28;16:00:00;1,3;891;-200;3,9;706;193;949;138;860;600;3,4;50,7;0,3991
2015-01-28;17:00:00;1,9;-200;-200;-200;-200;256;-200;164;-200;-200;-200;-200;-200
2015-01-28;18:00:00;2,4;-200;-200;-200;-200;288;-200;190;-200;-200;-200;-200;-200
2015-01-28;19:00:00;3;-200;-200;-200;-200;300;-200;198;-200;-200;-200;-200;-200
2015-01-28;20:00:00;1,9;-200;-200;-200;-200;224;-200;155;-200;-200;-200;-200;-200
2015-01-28;21:00:00;1,8;-200;-200;-200;-200;219;-200;153;-200;-200;-200;-200;-200
2015-01-28;22:00:00;1,1;-200;-200;-200;-200;145;-200;110;-200;-200;-200;-200;-200
2015-01-28;23:00:00;1,1;-200;-200;-200;-200;115;-200;91;-200;-200;-200;-200;-200
2015-01-29;00:00:00;1,1;-200;-200;-200;-200;136;-200;105;-200;-200;-200;-200;-200
2015-01-29;01:00:00;1;-200;-200;-200;-200;107;-200;85;-200;-200;-200;-200;-200
2015-01-29;02:00:00;0,7;793;-200;0,8;480;70;1306;60;745;376;1,9;49,7;0,3528
2015-01-29;03:00:00;0,6;790;-200;0,6;455;-200;1376;-200;751;336;1,6;52,9;0,3692
2015-01-29;04:00:00;0,5;776;-200;0,5;445;37;1460;34;737;330;1,4;53,8;0,3687
2015-01-29;05:00:00;0,5;766;-200;0,5;448;33;1494;31;734;321;1;54,7;0,3657
2015-01-29;06:00:00;0,4;774;-200;0,6;458;43;1473;37;735;334;1,4;52,3;0,3591
2015-01-29;07:00:00;0,5;801;-200;0,9;494;73;1324;58;754;395;1,6;51;0,3561
2015-01-29;08:00:00;0,8;847;-200;2;586;125;1163;92;814;473;1,4;53,1;0,3642
2015-01-29;09:00:00;1,1;874;-200;2,8;641;154;1022;110;857;553;1,7;54,1;0,3785
2015-01-29;10:00:00;1,1;879;-200;2,8;642;140;1027;101;836;545;2,5;51;0,3778
2015-01-29;11:00:00;1,1;888;-200;3;652;150;1025;96;833;547;2,9;48,7;0,3706
2015-01-29;12:00:00;1,1;873;-200;2,4;610;139;1051;102;819;527;3,6;45,8;0,3674
2015-01-29;13:00:00;1,1;877;-200;2,5;618;135;1027;96;830;505;3,1;48,1;0,3722
2015-01-29;14:00:00;1,2;893;-200;3;653;152;987;102;845;550;3,4;46,6;0,3668
2015-01-29;15:00:00;1;866;-200;2,2;602;121;1071;88;809;465;3,7;45,8;0,3697
2015-01-29;16:00:00;1,2;873;-200;2,6;629;122;1049;87;817;467;4,4;43,7;0,3688
2015-01-29;17:00:00;1,3;911;-200;3,4;676;167;998;115;855;555;4;44,9;0,3689
2015-01-29;18:00:00;1,4;908;-200;3;653;165;980;118;847;551;3,3;46,8;0,3671
2015-01-29;19:00:00;1,3;907;-200;3,1;657;190;981;134;844;569;3,1;48,1;0,3707
2015-01-29;20:00:00;1,4;925;-200;3,4;678;176;960;125;861;594;2,8;49;0,37
2015-01-29;21:00:00;1,5;920;-200;2,9;649;196;983;140;849;598;3,1;47,4;0,3661
2015-01-29;22:00:00;1;865;-200;1,7;561;103;1102;83;791;434;2,9;49;0,3725
2015-01-29;23:00:00;1;867;-200;1,6;553;91;1136;73;792;412;2,8;49,1;0,3726
2015-01-30;00:00:00;1,1;900;-200;2,3;604;119;1051;92;815;469;2,9;49,7;0,3782
2015-01-30;01:00:00;1,3;901;-200;2,2;599;147;1023;109;825;515;3,8;46,5;0,3762
2015-01-30;02:00:00;1;863;-200;1,7;560;101;1107;82;787;430;3,2;46,9;0,3658
2015-01-30;03:00:00;1,1;884;-200;2,2;599;-200;1065;-200;813;503;3,1;45,2;0,3504
2015-01-30;04:00:00;-200;873;-200;1,8;565;102;1097;83;793;494;3,1;44,8;0,3473
2015-01-30;05:00:00;0,6;806;-200;0,6;459;55;1322;50;728;368;3,1;44,4;0,342
2015-01-30;06:00:00;0,5;801;-200;0,6;454;51;1374;44;727;348;3;43,4;0,3337
2015-01-30;07:00:00;0,4;790;-200;0,4;431;53;1439;49;722;354;2,8;43,8;0,3308
2015-01-30;08:00:00;0,5;805;-200;0,7;465;74;1358;62;736;382;2,7;43,2;0,3259
2015-01-30;09:00:00;0,7;843;-200;1,2;520;113;1202;85;762;450;3,3;42,3;0,3299
2015-01-30;10:00:00;0,8;849;-200;1,4;537;107;1148;82;757;460;4,6;39;0,333
2015-01-30;11:00:00;0,8;872;-200;2;583;101;1126;77;765;441;5,6;37,5;0,3426
2015-01-30;12:00:00;1;890;-200;2;585;129;1097;92;776;454;7,2;34,2;0,3488
2015-01-30;13:00:00;0,9;874;-200;1,6;552;126;1128;95;760;415;6,9;35,6;0,3561
2015-01-30;14:00:00;0,9;863;-200;1,6;553;132;1133;95;742;419;8,2;30,1;0,3281
2015-01-30;15:00:00;0,9;840;-200;1,8;566;101;1176;76;717;368;7,6;27,9;0,2927
2015-01-30;16:00:00;1;845;-200;1,8;569;128;1151;95;709;397;7,9;25,9;0,2774
2015-01-30;17:00:00;1;888;-200;2,6;625;170;1062;118;763;510;7,8;28,3;0,3017
2015-01-30;18:00:00;1,1;845;-200;2;582;174;1120;123;719;473;6,3;28,8;0,2772
2015-01-30;19:00:00;1,2;880;-200;2,8;641;215;1077;140;759;537;5,4;30,1;0,2726
2015-01-30;20:00:00;1,6;917;-200;3,9;708;248;972;163;787;670;5;31,1;0,273
2015-01-30;21:00:00;1,7;927;-200;4,1;715;247;965;164;797;711;4,6;33,8;0,2898
2015-01-30;22:00:00;1,1;868;-200;2,4;615;154;1095;120;752;551;4,3;36,6;0,3064
2015-01-30;23:00:00;1,3;932;-200;3,5;685;186;996;130;820;670;4;39;0,3203
2015-01-31;00:00:00;1,7;971;-200;4,6;741;231;901;145;864;771;2,9;42,8;0,3276
2015-01-31;01:00:00;1,5;891;-200;3;650;174;987;126;782;586;3,4;38,9;0,3076
2015-01-31;02:00:00;0,8;806;-200;1;495;68;1282;61;685;355;4;36,4;0,2982
2015-01-31;03:00:00;0,5;787;-200;0,5;446;-200;1395;-200;657;310;4;36,4;0,2989
2015-01-31;04:00:00;0,4;791;-200;0,4;435;39;1486;37;668;292;3,7;37,7;0,3024
2015-01-31;05:00:00;0,4;787;-200;0,3;415;39;1474;37;667;293;3,4;38,9;0,3075
2015-01-31;06:00:00;0,4;814;-200;0,6;449;54;1363;50;674;328;3,7;37,5;0,3012
2015-01-31;07:00:00;0,7;844;-200;1,4;538;158;1164;109;726;479;3,7;35,2;0,2833
2015-01-31;08:00:00;1,8;1049;-200;7,1;863;350;826;198;923;979;3,7;33,9;0,2732
2015-01-31;09:00:00;-200;1201;-200;14;1116;-200;617;-200;1130;1469;4,4;38,8;0,328
2015-01-31;10:00:00;3,5;1293;-200;15,1;1153;584;602;283;1141;1667;6,6;34,4;0,3359
2015-01-31;11:00:00;2,8;1121;-200;12,5;1066;478;683;256;1040;1378;10;22,4;0,2753
2015-01-31;12:00:00;3,1;1112;-200;12,8;1078;563;683;261;1028;1426;11,9;18,6;0,2581
2015-01-31;13:00:00;2,5;1060;-200;11,9;1048;414;707;181;983;1246;12,5;17,2;0,2477
2015-01-31;14:00:00;2,7;1056;-200;11,7;1040;398;711;194;976;1187;13,2;17,3;0,2606
2015-01-31;15:00:00;2,9;1131;-200;14,7;1139;451;643;214;1097;1363;13,5;18,7;0,2872
2015-01-31;16:00:00;3,2;1162;-200;15,7;1170;503;618;204;1131;1425;14,1;18,2;0,2908
2015-01-31;17:00:00;4,1;1283;-200;21,1;1328;640;552;228;1294;1722;13;20,3;0,303
2015-01-31;18:00:00;6,1;1414;-200;27,4;1490;843;488;270;1433;2051;10,4;24,7;0,3116
2015-01-31;19:00:00;6,8;1486;-200;30,8;1570;954;455;285;1557;2179;8,6;29,8;0,3344
2015-01-31;20:00:00;6,8;1523;-200;29,2;1533;984;456;282;1532;2214;7,3;36,8;0,3771
2015-01-31;21:00:00;3,7;1283;-200;15;1149;586;587;235;1148;1799;6,3;39,4;0,3795
2015-01-31;22:00:00;2,1;1109;-200;7,1;863;360;737;208;960;1527;5,4;43,5;0,3922
2015-01-31;23:00:00;1,4;1055;-200;5,4;782;231;798;161;940;1377;5,1;45,6;0,4056
2015-02-01;00:00:00;1,3;1038;-200;4,8;756;200;813;146;921;1317;4,2;49,4;0,412
2015-02-01;01:00:00;1,1;996;-200;3,8;698;153;871;123;894;1228;4,1;50,1;0,415
2015-02-01;02:00:00;1;995;-200;3,5;680;135;879;109;904;1201;4,1;51,5;0,4263
2015-02-01;03:00:00;0,9;1000;-200;3,3;670;-200;868;-200;917;1158;3,7;57,5;0,4621
2015-02-01;04:00:00;0,8;1042;-200;3,6;688;196;814;115;935;1204;2,5;64,8;0,4807
2015-02-01;05:00:00;0,9;1042;-200;3,8;701;208;795;114;945;1216;1,8;68,9;0,4878
2015-02-01;06:00:00;1,1;1024;-200;4,2;724;241;814;122;944;1198;2;64,9;0,4661
2015-02-01;07:00:00;1,6;1147;-200;7,7;886;417;702;149;1056;1381;2,2;65,3;0,473
2015-02-01;08:00:00;3,7;1496;-200;20;1298;896;492;187;1441;1873;3,1;64;0,4938
2015-02-01;09:00:00;4,8;1541;-200;22,1;1353;966;449;198;1492;2112;3,7;61,7;0,4967
2015-02-01;10:00:00;4,1;1491;-200;17,2;1215;878;503;196;1343;2038;4,4;58,8;0,4979
2015-02-01;11:00:00;4,5;1533;-200;21,4;1334;985;466;218;1434;2118;5,8;54,1;0,502
2015-02-01;12:00:00;4,5;1507;-200;19,8;1292;1017;479;227;1379;2110;7,3;50,8;0,5226
2015-02-01;13:00:00;3,7;1451;-200;18,8;1264;683;497;181;1408;1965;9,5;47,2;0,5589
2015-02-01;14:00:00;4,2;1432;-200;18,8;1264;660;487;179;1476;1888;11,8;44,4;0,6118
2015-02-01;15:00:00;3,3;1408;-200;16,7;1202;492;506;151;1411;1774;12,7;45,5;0,6648
2015-02-01;16:00:00;3,2;1377;-200;14,4;1129;497;540;162;1392;1626;13,5;44,8;0,6898
2015-02-01;17:00:00;3,6;1454;-200;16,3;1190;562;508;165;1434;1761;12,3;48,9;0,6967
2015-02-01;18:00:00;3,5;1268;-200;14,4;1128;539;573;173;1255;1533;10,8;40,3;0,5201
2015-02-01;19:00:00;4,1;1259;-200;17;1211;502;559;188;1243;1531;9,4;36,7;0,4324
2015-02-01;20:00:00;4;1261;-200;14,8;1143;452;595;186;1208;1477;8,3;39,5;0,4318
2015-02-01;21:00:00;3,3;1133;-200;9,8;971;357;683;172;1059;1332;7,8;41,3;0,4389
2015-02-01;22:00:00;3;1054;-200;6,1;818;289;777;150;966;1210;7,3;43,8;0,4505
2015-02-01;23:00:00;2,6;1055;-200;5,4;783;221;805;137;969;1167;6,7;47,6;0,4688
2015-02-02;00:00:00;2,6;1059;-200;4,7;747;204;820;133;964;1133;6,6;51,2;0,5007
2015-02-02;01:00:00;2,6;1063;-200;5,1;769;183;807;122;993;1109;6,4;52,6;0,5074
2015-02-02;02:00:00;2,9;1135;-200;6,9;854;222;722;130;1065;1218;5,3;57,8;0,5177
2015-02-02;03:00:00;2,9;1126;-200;7,3;869;-200;680;-200;1075;1222;3,4;66,7;0,5281
2015-02-02;04:00:00;2,5;1058;-200;4,8;753;210;764;121;986;1149;3,3;66,8;0,5215
2015-02-02;05:00:00;2;1040;-200;3,6;688;185;846;115;920;1090;3,7;62,9;0,5059
2015-02-02;06:00:00;2,2;1069;-200;4,5;737;257;792;125;946;1114;2,6;67,5;0,5034
2015-02-02;07:00:00;2,4;1042;-200;5,2;771;297;795;136;941;1089;3,5;60,9;0,4857
2015-02-02;08:00:00;4;1322;-200;15,1;1151;573;566;174;1286;1446;2,7;63,4;0,4787
2015-02-02;09:00:00;6,7;1549;-200;27,3;1485;883;422;224;1638;1930;2,8;64,2;0,4859
2015-02-02;10:00:00;5,6;1416;-200;19,6;1285;824;501;230;1390;1809;5,8;53,1;0,4942
2015-02-02;11:00:00;4,3;1337;-200;14,8;1143;693;560;205;1236;1769;9,7;40,1;0,4832
2015-02-02;12:00:00;4;1281;-200;14,5;1132;714;577;204;1206;1696;12,7;30;0,4398
2015-02-02;13:00:00;2,6;1037;-200;10,1;981;388;721;139;1000;1086;13,7;20,7;0,3221
2015-02-02;14:00:00;2,2;1028;-200;10,1;983;337;728;133;979;1048;13,7;19,9;0,3114
2015-02-02;15:00:00;1,9;984;-200;8,3;913;326;762;127;930;990;14,1;18,1;0,2884
2015-02-02;16:00:00;1,8;1010;-200;9;940;329;759;124;960;1027;14,5;18;0,2956
2015-02-02;17:00:00;3,1;1113;-200;13,4;1096;465;645;158;1092;1359;13,2;20,4;0,3074
2015-02-02;18:00:00;4,8;1253;-200;19,5;1284;612;536;171;1285;1618;10,5;25,1;0,3194
2015-02-02;19:00:00;5,8;1400;-200;27,8;1499;759;461;193;1527;1869;8,9;31,4;0,3597
2015-02-02;20:00:00;5,9;1470;-200;31,4;1584;771;436;195;1641;2033;8,2;36,2;0,3953
2015-02-02;21:00:00;4,1;1281;-200;15,6;1168;655;571;212;1195;1756;6,7;39,6;0,3906
2015-02-02;22:00:00;1,8;1084;-200;7;855;332;748;193;939;1446;5,8;42;0,3904
2015-02-02;23:00:00;1,7;1097;-200;7,8;892;287;719;167;979;1423;4,9;45,9;0,3999
2015-02-03;00:00:00;1,7;1032;-200;5,6;791;242;793;156;915;1278;4,5;47,9;0,4079
2015-02-03;01:00:00;1,5;1046;-200;6;812;242;782;153;940;1265;3,9;51,6;0,4226
2015-02-03;02:00:00;1,1;975;-200;3,9;707;192;860;128;902;1107;3,4;54,7;0,4323
2015-02-03;03:00:00;0,9;932;-200;2,8;642;-200;950;-200;871;1014;3,3;56,1;0,4379
2015-02-03;04:00:00;-200;926;-200;2,6;623;134;954;96;873;1011;2;60,8;0,4337
2015-02-03;05:00:00;0,3;932;-200;2,9;645;142;916;105;882;1006;1,2;63,7;0,4327
2015-02-03;06:00:00;0,4;937;-200;2,8;640;194;923;130;870;1010;2,1;60,3;0,4368
2015-02-03;07:00:00;0,6;996;-200;4,2;724;216;861;134;938;1067;1,3;63,1;0,4322
2015-02-03;08:00:00;3;1382;-200;16,7;1202;728;534;275;1352;1630;1,3;64,8;0,441
2015-02-03;09:00:00;5,6;1544;-200;29,1;1530;975;416;309;1706;2030;2,1;62,2;0,4491
2015-02-03;10:00:00;4,9;1429;-200;20,7;1317;947;495;322;1425;1916;5,1;50,8;0,4499
2015-02-03;11:00:00;3,5;1312;-200;15,5;1164;790;570;333;1230;1761;8,5;39,7;0,4425
2015-02-03;12:00:00;2,2;1205;-200;10,3;989;551;643;235;1084;1597;11,5;33;0,4476
2015-02-03;13:00:00;2,7;1322;-200;13,8;1110;565;568;241;1208;1776;12,2;34,3;0,4864
2015-02-03;14:00:00;2,7;1301;-200;12,7;1074;532;574;214;1255;1636;13,5;35;0,5396
2015-02-03;15:00:00;2,1;1280;-200;11,4;1030;459;597;174;1246;1480;14,9;34,9;0,5869
2015-02-03;16:00:00;2;1256;-200;10,2;986;407;612;157;1240;1413;15,7;34,5;0,6111
2015-02-03;17:00:00;2,4;1358;-200;14,3;1128;434;545;170;1344;1611;14,7;37,2;0,618
2015-02-03;18:00:00;6,7;1713;-200;32,4;1605;980;383;212;1870;2186;12,2;44,8;0,6342
2015-02-03;19:00:00;6,4;1655;-200;29;1527;966;393;249;1758;2203;10,3;52,4;0,6578
2015-02-03;20:00:00;3,9;1444;-200;17,6;1227;646;485;231;1414;1891;9,3;55,5;0,6503
2015-02-03;21:00:00;2,7;1314;-200;12,6;1069;471;571;216;1271;1662;8,3;57,6;0,6304
2015-02-03;22:00:00;3;1368;-200;15,5;1164;528;524;217;1350;1674;6,3;65,1;0,6237
2015-02-03;23:00:00;2,1;1195;-200;9,1;943;378;645;203;1149;1462;6,5;63,1;0,6132
2015-02-04;00:00:00;1,2;1083;-200;6,4;828;235;734;161;1067;1273;6;62,7;0,589
2015-02-04;01:00:00;1,2;1055;-200;5,1;771;217;781;147;1030;1174;5,1;65,4;0,5797
2015-02-04;02:00:00;0,7;973;-200;3,3;672;141;887;111;954;1031;4,7;64,6;0,5568
2015-02-04;03:00:00;0,9;1039;-200;5,3;777;-200;778;-200;1031;1082;2,9;72,2;0,5523
2015-02-04;04:00:00;0,8;949;-200;3,1;657;158;895;115;948;991;5;63,5;0,5575
2015-02-04;05:00:00;0,4;920;-200;2,2;601;87;974;80;920;925;3,9;65,5;0,5367
2015-02-04;06:00:00;0,7;989;-200;3,9;703;194;843;122;988;1017;1,8;74,5;0,5271
2015-02-04;07:00:00;1,4;1100;-200;6,9;854;401;714;186;1075;1187;1,8;73,7;0,5198
2015-02-04;08:00:00;4;1411;-200;19,7;1288;887;492;306;1472;1638;2,3;70,9;0,5182
2015-02-04;09:00:00;3,9;1328;-200;20,1;1300;654;499;301;1405;1672;4,4;61,1;0,5176
2015-02-04;10:00:00;3,1;1308;-200;16,3;1189;566;534;274;1325;1656;7,7;49,8;0,5267
2015-02-04;11:00:00;3,2;1280;-200;14,3;1127;649;558;247;1277;1641;12,1;36,9;0,5212
2015-02-04;12:00:00;1,5;1056;-200;7;857;309;735;169;1028;1117;15;28,5;0,4821
2015-02-04;13:00:00;1,2;1019;-200;6,3;825;229;781;138;994;901;14,5;28,3;0,4665
2015-02-04;14:00:00;1,9;1084;-200;8,6;923;312;712;149;1085;1046;12,9;31,8;0,4707
2015-02-04;15:00:00;1,5;998;-200;6,6;841;276;792;165;979;884;12,1;32,3;0,4548
2015-02-04;16:00:00;1,4;987;-200;6,1;816;236;816;156;959;821;11,3;33,5;0,4476
2015-02-04;17:00:00;1,9;1079;-200;8,8;932;312;719;184;1018;1056;11,4;32,6;0,4373
2015-02-04;18:00:00;2,2;1096;-200;9,4;954;345;687;197;1085;1139;9,1;37,8;0,4372
2015-02-04;19:00:00;3;1146;-200;11,8;1043;386;639;204;1169;1248;8,1;41;0,4458
2015-02-04;20:00:00;2,6;1125;-200;11,3;1025;356;653;207;1147;1200;7,7;41,9;0,4409
2015-02-04;21:00:00;2,8;1130;-200;9,7;968;467;680;208;1102;1220;7,1;43,9;0,4433
2015-02-04;22:00:00;1,6;1017;-200;5,8;805;287;807;174;958;1032;6,3;45,8;0,4408
2015-02-04;23:00:00;1,3;1017;-200;5,3;776;239;843;157;946;971;6;46,1;0,4351
2015-02-05;00:00:00;1,6;1041;-200;5,3;778;266;828;166;947;1011;5,5;49;0,4471
2015-02-05;01:00:00;1,5;1034;-200;5,1;769;261;816;167;952;1049;4,9;52;0,4548
2015-02-05;02:00:00;1,3;1009;-200;4,8;751;223;828;154;939;1053;4,1;54,7;0,4536
2015-02-05;03:00:00;1,6;1105;-200;6,4;828;-200;735;-200;997;1157;2,1;64,2;0,4633
2015-02-05;04:00:00;2;1084;-200;7;859;272;703;164;1017;1163;1,5;66,2;0,4571
2015-02-05;05:00:00;1,3;989;-200;4,4;731;226;815;149;936;1018;1;67,7;0,4523
2015-02-05;06:00:00;0,9;1047;-200;5,6;792;250;757;150;957;1121;0,8;69,9;0,4591
2015-02-05;07:00:00;1,4;1091;-200;7,3;868;402;705;205;1021;1200;1,3;67,2;0,4598
2015-02-05;08:00:00;3,1;1263;-200;12,7;1074;708;614;283;1198;1403;2;63,6;0,4564
2015-02-05;09:00:00;4,1;1165;-200;11,3;1024;759;646;310;1134;1365;4,1;52,7;0,4345
2015-02-05;10:00:00;1,3;966;-200;4,9;760;302;877;200;890;940;7,5;39,2;0,4091
2015-02-05;11:00:00;0,9;927;-200;3,8;702;210;932;147;847;750;9;34,5;0,398
2015-02-05;12:00:00;1;909;-200;3,4;678;180;960;128;838;652;9,2;34,5;0,4025
2015-02-05;13:00:00;1;941;-200;4,2;723;165;922;121;880;643;9,3;33,8;0,3981
2015-02-05;14:00:00;1,1;903;-200;3,7;696;180;932;129;850;629;9,3;33,1;0,3874
2015-02-05;15:00:00;0,8;891;-200;3,3;668;147;991;110;819;549;9,7;30,8;0,3716
2015-02-05;16:00:00;1;904;-200;3,4;674;177;968;126;824;578;9,6;31,1;0,3718
2015-02-05;17:00:00;0,9;900;-200;3,1;659;157;990;121;807;582;8,6;32,8;0,3669
2015-02-05;18:00:00;0,9;926;-200;4,3;725;195;933;142;847;694;7,2;35;0,3567
2015-02-05;19:00:00;1,6;999;-200;6,2;821;263;846;174;915;926;6,4;36,8;0,3566
2015-02-05;20:00:00;1,4;994;-200;5,2;774;239;854;168;917;915;6;40,2;0,3773
2015-02-05;21:00:00;1,4;1010;-200;5,8;801;267;826;180;944;986;5,5;42,6;0,3874
2015-02-05;22:00:00;1,1;938;-200;3,5;685;214;934;157;870;840;4,9;43,7;0,3809
2015-02-05;23:00:00;1,2;983;-200;4,9;760;236;869;162;898;939;4,2;43,2;0,3605
2015-02-06;00:00:00;1,8;963;-200;4,7;749;251;900;173;834;869;4;39,2;0,3228
2015-02-06;01:00:00;1,4;962;-200;4,9;756;255;902;176;843;908;3,7;40,1;0,323
2015-02-06;02:00:00;1,4;980;-200;5;761;235;854;172;876;1051;3,1;47,1;0,3638
2015-02-06;03:00:00;0,9;914;-200;2,9;644;-200;972;-200;832;922;2,6;48,8;0,3658
2015-02-06;04:00:00;-200;898;-200;2,6;624;129;987;108;825;871;0,8;53,8;0,3542
2015-02-06;05:00:00;0,8;854;-200;1,8;572;95;1070;88;788;793;1,2;51,9;0,3515
2015-02-06;06:00:00;0,7;838;-200;1,3;531;95;1146;85;774;753;1;52,2;0,3489
2015-02-06;07:00:00;0,7;831;-200;1,5;543;100;1132;88;787;737;0,6;53,3;0,3467
2015-02-06;08:00:00;0,6;833;-200;1,3;526;110;1169;94;771;722;0,8;52,8;0,3468
2015-02-06;09:00:00;0,8;870;-200;2;582;149;1091;115;791;737;0,3;53,7;0,3424
2015-02-06;10:00:00;1,3;984;-200;4,3;727;197;891;137;908;913;4,1;42,9;0,3551
2015-02-06;11:00:00;2;1065;-200;6,7;844;351;780;212;979;1117;8;33,3;0,3591
2015-02-06;12:00:00;1,7;968;-200;4,6;743;249;886;173;840;774;10,7;25,2;0,3242
2015-02-06;13:00:00;1,2;911;-200;3,5;683;188;981;135;790;558;11,1;23,5;0,3105
2015-02-06;14:00:00;1;868;-200;2,1;590;127;1081;100;753;420;10,6;26;0,332
2015-02-06;15:00:00;0,8;868;-200;1,9;576;96;1128;78;755;363;10,3;27,7;0,3481
2015-02-06;16:00:00;1;904;-200;2,7;633;138;1040;100;789;410;10,2;28,3;0,3516
2015-02-06;17:00:00;1,4;944;-200;3,7;693;217;928;150;832;568;9,2;29,9;0,3479
2015-02-06;18:00:00;1,1;925;-200;2,9;649;186;1003;142;819;570;6,9;36,4;0,3635
2015-02-06;19:00:00;1,6;985;-200;4,5;736;227;891;165;875;774;6;38;0,3584
2015-02-06;20:00:00;1,8;1002;-200;5,3;780;252;855;179;892;857;5,8;36,4;0,3385
2015-02-06;21:00:00;1,4;938;-200;3,7;692;193;937;149;805;737;5,8;35,4;0,3286
2015-02-06;22:00:00;1,1;896;-200;2,6;627;158;1033;126;782;610;5,4;36,6;0,3304
2015-02-06;23:00:00;1;907;-200;2,4;614;150;1052;120;782;627;5,1;37,9;0,3358
2015-02-07;00:00:00;1,1;902;-200;2,4;613;130;1049;110;777;566;4,8;38;0,33
2015-02-07;01:00:00;1;885;-200;2;582;104;1072;92;760;517;4,5;38,1;0,3249
2015-02-07;02:00:00;0,8;863;-200;1,5;545;86;1119;78;749;484;4,3;38,1;0,3207
2015-02-07;03:00:00;0,6;861;-200;1,2;518;-200;1141;-200;738;482;3,9;39,9;0,325
2015-02-07;04:00:00;0,6;852;-200;0,8;482;67;1187;65;726;496;3,8;41;0,3327
2015-02-07;05:00:00;0,6;879;-200;1;495;75;1147;73;753;623;3,3;44,6;0,3499
2015-02-07;06:00:00;0,6;900;-200;1,3;525;97;1090;85;780;696;3,6;44,5;0,3574
2015-02-07;07:00:00;0,8;963;-200;2,4;615;177;980;133;837;916;3,4;47;0,3713
2015-02-07;08:00:00;2,3;1183;-200;8,7;929;433;675;246;1037;1309;2,9;49,5;0,3775
2015-02-07;09:00:00;2,8;1161;-200;10,5;996;471;639;281;1067;1396;5,6;40,5;0,3704
2015-02-07;10:00:00;2,1;1102;-200;7,9;896;346;720;222;969;1226;7,5;33,8;0,352
2015-02-07;11:00:00;1,7;1029;-200;6,5;835;262;771;182;897;1002;10,8;25,2;0,3251
2015-02-07;12:00:00;1,4;973;-200;5,7;797;221;845;154;845;769;12,9;20,6;0,3045
2015-02-07;13:00:00;1,6;981;-200;6,2;820;265;807;168;876;784;12,2;21,4;0,3033
2015-02-07;14:00:00;1,4;960;-200;5,4;784;219;842;149;868;643;12;21,9;0,3069
2015-02-07;15:00:00;1,3;973;-200;4,9;761;235;862;156;865;682;12,2;24;0,3392
2015-02-07;16:00:00;1,4;968;-200;5;765;227;843;156;863;692;12;24,3;0,3393
2015-02-07;17:00:00;1,7;1022;-200;6,9;854;285;771;187;941;926;10,5;27,8;0,3525
2015-02-07;18:00:00;1,9;1067;-200;7,5;879;291;740;194;989;996;8,7;33,9;0,3832
2015-02-07;19:00:00;2,3;1101;-200;8,2;908;295;707;204;1025;1095;7,8;37,6;0,4004
2015-02-07;20:00:00;2;1081;-200;7,7;885;243;720;174;1017;1058;7,2;39,4;0,4032
2015-02-07;21:00:00;1,6;988;-200;4,5;738;209;843;154;906;893;7,1;39,6;0,4019
2015-02-07;22:00:00;1;932;-200;2,7;630;147;980;117;842;681;7,1;39,6;0,4001
2015-02-07;23:00:00;0,9;923;-200;2,3;602;117;1028;98;831;599;7,2;39,3;0,4004
2015-02-08;00:00:00;0,9;915;-200;2,1;589;105;1045;90;813;550;6,9;39,6;0,3966
2015-02-08;01:00:00;0,9;879;-200;1,4;534;84;1129;74;785;470;7;39,8;0,4006
2015-02-08;02:00:00;0,5;852;-200;0,8;479;51;1275;49;761;375;7,1;40,5;0,409
2015-02-08;03:00:00;0,4;844;-200;0,6;453;-200;1378;-200;748;337;6,9;40,9;0,4091
2015-02-08;04:00:00;0,5;878;-200;1;496;54;1182;54;782;451;6;42,9;0,404
2015-02-08;05:00:00;0,6;910;-200;1,3;524;74;1102;69;802;600;6,4;42,7;0,4126
2015-02-08;06:00:00;0,6;918;-200;1,6;551;114;1062;92;817;712;6,1;43,6;0,4129
2015-02-08;07:00:00;1;991;-200;3;653;228;944;146;885;931;5,9;45,1;0,4211
2015-02-08;08:00:00;2,1;1223;-200;10;979;455;658;224;1120;1332;6;46,4;0,4367
2015-02-08;09:00:00;2,9;1277;-200;15,1;1153;493;543;253;1268;1520;6,6;43,7;0,4273
2015-02-08;10:00:00;2,2;1114;-200;8,6;922;410;689;225;1022;1223;8,7;36,3;0,4074
2015-02-08;11:00:00;1,6;1088;-200;6,9;853;277;729;180;996;1122;10,5;33,4;0,4246
2015-02-08;12:00:00;1,8;1064;-200;7,6;881;340;727;194;979;1099;11,4;27,8;0,3748
2015-02-08;13:00:00;1,5;1047;-200;6,9;854;238;753;158;959;904;12,7;27,4;0,4011
2015-02-08;14:00:00;2,2;1075;-200;8,5;920;323;726;184;992;1022;13,3;23,3;0,354
2015-02-08;15:00:00;1,6;973;-200;5,3;777;286;858;165;844;719;13,9;20,7;0,3271
2015-02-08;16:00:00;1,5;942;-200;4,4;733;271;912;156;800;609;13,6;20;0,3093
2015-02-08;17:00:00;1,8;-200;-200;-200;-200;276;-200;172;-200;-200;-200;-200;-200
2015-02-08;18:00:00;1,8;-200;-200;-200;-200;295;-200;194;-200;-200;-200;-200;-200
2015-02-08;19:00:00;2,3;-200;-200;-200;-200;340;-200;208;-200;-200;-200;-200;-200
2015-02-08;20:00:00;1,9;-200;-200;-200;-200;275;-200;187;-200;-200;-200;-200;-200
2015-02-08;21:00:00;1,9;-200;-200;-200;-200;293;-200;187;-200;-200;-200;-200;-200
2015-02-08;22:00:00;1,1;-200;-200;-200;-200;157;-200;127;-200;-200;-200;-200;-200
2015-02-08;23:00:00;0,9;-200;-200;-200;-200;133;-200;107;-200;-200;-200;-200;-200
2015-02-09;00:00:00;0,8;-200;-200;-200;-200;120;-200;99;-200;-200;-200;-200;-200
2015-02-09;01:00:00;0,9;-200;-200;-200;-200;122;-200;100;-200;-200;-200;-200;-200
2015-02-09;02:00:00;0,7;-200;-200;-200;-200;80;-200;73;-200;-200;-200;-200;-200
2015-02-09;03:00:00;0,8;-200;-200;-200;-200;-200;-200;-200;-200;-200;-200;-200;-200
2015-02-09;04:00:00;-200;-200;-200;-200;-200;88;-200;83;-200;-200;-200;-200;-200
2015-02-09;05:00:00;0,7;-200;-200;-200;-200;109;-200;92;-200;-200;-200;-200;-200
2015-02-09;06:00:00;0,6;-200;-200;-200;-200;120;-200;100;-200;-200;-200;-200;-200
2015-02-09;07:00:00;1;-200;-200;-200;-200;233;-200;149;-200;-200;-200;-200;-200
2015-02-09;08:00:00;1,7;-200;-200;-200;-200;394;-200;231;-200;-200;-200;-200;-200
2015-02-09;09:00:00;2,7;-200;-200;-200;-200;424;-200;245;-200;-200;-200;-200;-200
2015-02-09;10:00:00;3,3;-200;-200;-200;-200;446;-200;203;-200;-200;-200;-200;-200
2015-02-09;11:00:00;2,1;-200;-200;-200;-200;266;-200;165;-200;-200;-200;-200;-200
2015-02-09;12:00:00;2;-200;-200;-200;-200;261;-200;168;-200;-200;-200;-200;-200
2015-02-09;13:00:00;2;-200;-200;-200;-200;220;-200;151;-200;-200;-200;-200;-200
2015-02-09;14:00:00;2,3;-200;-200;-200;-200;241;-200;152;-200;-200;-200;-200;-200
2015-02-09;15:00:00;2;-200;-200;-200;-200;208;-200;144;-200;-200;-200;-200;-200
2015-02-09;16:00:00;2,1;-200;-200;-200;-200;215;-200;148;-200;-200;-200;-200;-200
2015-02-09;17:00:00;2,3;-200;-200;-200;-200;257;-200;176;-200;-200;-200;-200;-200
2015-02-09;18:00:00;3,1;-200;-200;-200;-200;355;-200;209;-200;-200;-200;-200;-200
2015-02-09;19:00:00;3,9;-200;-200;-200;-200;415;-200;240;-200;-200;-200;-200;-200
2015-02-09;20:00:00;3,8;-200;-200;-200;-200;349;-200;223;-200;-200;-200;-200;-200
2015-02-09;21:00:00;2,9;-200;-200;-200;-200;254;-200;187;-200;-200;-200;-200;-200
2015-02-09;22:00:00;2,2;-200;-200;-200;-200;228;-200;157;-200;-200;-200;-200;-200
2015-02-09;23:00:00;1,9;-200;-200;-200;-200;156;-200;123;-200;-200;-200;-200;-200
2015-02-10;00:00:00;2;-200;-200;-200;-200;161;-200;126;-200;-200;-200;-200;-200
2015-02-10;01:00:00;1,8;-200;-200;-200;-200;123;-200;106;-200;-200;-200;-200;-200
2015-02-10;02:00:00;1,6;-200;-200;-200;-200;108;-200;95;-200;-200;-200;-200;-200
2015-02-10;03:00:00;1,5;-200;-200;-200;-200;-200;-200;-200;-200;-200;-200;-200;-200
2015-02-10;04:00:00;1,4;-200;-200;-200;-200;95;-200;87;-200;-200;-200;-200;-200
2015-02-10;05:00:00;1,5;-200;-200;-200;-200;102;-200;88;-200;-200;-200;-200;-200
2015-02-10;06:00:00;1,7;-200;-200;-200;-200;178;-200;134;-200;-200;-200;-200;-200
2015-02-10;07:00:00;1,9;-200;-200;-200;-200;214;-200;156;-200;-200;-200;-200;-200
2015-02-10;08:00:00;3,3;-200;-200;-200;-200;492;-200;247;-200;-200;-200;-200;-200
2015-02-10;09:00:00;3,8;-200;-200;-200;-200;540;-200;289;-200;-200;-200;-200;-200
2015-02-10;10:00:00;4,3;-200;-200;-200;-200;604;-200;250;-200;-200;-200;-200;-200
2015-02-10;11:00:00;3,7;-200;-200;-200;-200;646;-200;232;-200;-200;-200;-200;-200
2015-02-10;12:00:00;2,7;-200;-200;-200;-200;418;-200;185;-200;-200;-200;-200;-200
2015-02-10;13:00:00;2,2;-200;-200;-200;-200;250;-200;147;-200;-200;-200;-200;-200
2015-02-10;14:00:00;2,4;-200;-200;-200;-200;226;-200;128;-200;-200;-200;-200;-200
2015-02-10;15:00:00;2,2;-200;-200;-200;-200;271;-200;131;-200;-200;-200;-200;-200
2015-02-10;16:00:00;2,3;-200;-200;-200;-200;288;-200;135;-200;-200;-200;-200;-200
2015-02-10;17:00:00;2,6;-200;-200;-200;-200;299;-200;149;-200;-200;-200;-200;-200
2015-02-10;18:00:00;4,2;-200;-200;-200;-200;534;-200;209;-200;-200;-200;-200;-200
2015-02-10;19:00:00;6,2;-200;-200;-200;-200;687;-200;243;-200;-200;-200;-200;-200
2015-02-10;20:00:00;8,4;-200;-200;-200;-200;1028;-200;276;-200;-200;-200;-200;-200
2015-02-10;21:00:00;4,5;-200;-200;-200;-200;605;-200;225;-200;-200;-200;-200;-200
2015-02-10;22:00:00;2,7;-200;-200;-200;-200;345;-200;194;-200;-200;-200;-200;-200
2015-02-10;23:00:00;2,4;-200;-200;-200;-200;255;-200;164;-200;-200;-200;-200;-200
2015-02-11;00:00:00;2,3;-200;-200;-200;-200;211;-200;148;-200;-200;-200;-200;-200
2015-02-11;01:00:00;2,2;-200;-200;-200;-200;190;-200;136;-200;-200;-200;-200;-200
2015-02-11;02:00:00;2;-200;-200;-200;-200;149;-200;116;-200;-200;-200;-200;-200
2015-02-11;03:00:00;1,6;-200;-200;-200;-200;-200;-200;-200;-200;-200;-200;-200;-200
2015-02-11;04:00:00;1,6;-200;-200;-200;-200;107;-200;91;-200;-200;-200;-200;-200
2015-02-11;05:00:00;1,5;-200;-200;-200;-200;98;-200;87;-200;-200;-200;-200;-200
2015-02-11;06:00:00;1,7;-200;-200;-200;-200;183;-200;123;-200;-200;-200;-200;-200
2015-02-11;07:00:00;1,8;-200;-200;-200;-200;224;-200;152;-200;-200;-200;-200;-200
2015-02-11;08:00:00;3,8;-200;-200;-200;-200;589;-200;267;-200;-200;-200;-200;-200
2015-02-11;09:00:00;5,9;-200;-200;-200;-200;700;-200;296;-200;-200;-200;-200;-200
2015-02-11;10:00:00;5,4;-200;-200;-200;-200;747;-200;291;-200;-200;-200;-200;-200
2015-02-11;11:00:00;4,7;-200;-200;-200;-200;746;-200;276;-200;-200;-200;-200;-200
2015-02-11;12:00:00;4,3;-200;-200;-200;-200;702;-200;250;-200;-200;-200;-200;-200
2015-02-11;13:00:00;5,4;-200;-200;-200;-200;723;-200;251;-200;-200;-200;-200;-200
2015-02-11;14:00:00;5,8;-200;-200;-200;-200;872;-200;275;-200;-200;-200;-200;-200
2015-02-11;15:00:00;6,1;-200;-200;-200;-200;1054;-200;312;-200;-200;-200;-200;-200
2015-02-11;16:00:00;7,1;-200;-200;-200;-200;1218;-200;340;-200;-200;-200;-200;-200
2015-02-11;17:00:00;6,6;-200;-200;-200;-200;1227;-200;326;-200;-200;-200;-200;-200
2015-02-11;18:00:00;6,5;-200;-200;-200;-200;1061;-200;284;-200;-200;-200;-200;-200
2015-02-11;19:00:00;7,1;-200;-200;-200;-200;1075;-200;289;-200;-200;-200;-200;-200
2015-02-11;20:00:00;4,9;-200;-200;-200;-200;641;-200;215;-200;-200;-200;-200;-200
2015-02-11;21:00:00;4;1521;-200;16,8;1203;490;476;207;1400;2141;8,5;50,9;0,5664
2015-02-11;22:00:00;4;1428;-200;13;1085;550;526;213;1268;2023;8,3;53,3;0,5843
2015-02-11;23:00:00;3,6;1463;-200;12,6;1069;422;530;192;1279;1967;7,1;58,1;0,5885
2015-02-12;00:00:00;4,2;1494;-200;14,2;1124;541;504;211;1313;1931;5,8;64,3;0,5964
2015-02-12;01:00:00;4,3;1462;-200;12,9;1080;599;522;229;1274;1889;5,3;66,8;0,5979
2015-02-12;02:00:00;3,6;1326;-200;9,7;967;490;578;216;1174;1699;5;66,6;0,5871
2015-02-12;03:00:00;2,5;1185;-200;5,9;807;-200;685;-200;1051;1467;5;66,3;0,5811
2015-02-12;04:00:00;-200;1154;-200;5,5;788;223;709;146;1065;1390;5,1;65,9;0,5827
2015-02-12;05:00:00;1,4;1175;-200;6,6;839;214;670;136;1087;1371;4,1;69;0,5735
2015-02-12;06:00:00;1,4;1203;-200;7,3;870;274;641;156;1103;1427;4,6;67,6;0,5778
2015-02-12;07:00:00;1,6;1250;-200;8,8;933;338;620;176;1144;1489;5,2;65,5;0,5836
2015-02-12;08:00:00;2,3;1321;-200;11,9;1046;496;562;224;1263;1610;6;62,8;0,5929
2015-02-12;09:00:00;2,4;1323;-200;12;1049;433;550;207;1290;1619;7,1;59,3;0,6005
2015-02-12;10:00:00;2,7;1381;-200;11,9;1045;496;541;221;1307;1706;7,8;58;0,6136
2015-02-12;11:00:00;3,4;1480;-200;16,2;1186;615;498;229;1382;1882;9;54,7;0,6271
2015-02-12;12:00:00;3,1;1485;-200;17,6;1229;551;477;208;1450;1911;10;53,1;0,6495
2015-02-12;13:00:00;3,6;1522;-200;17,6;1229;575;470;207;1488;1943;10,8;52;0,6738
2015-02-12;14:00:00;3,8;1570;-200;17,5;1224;575;468;216;1448;2020;11;51,4;0,6746
2015-02-12;15:00:00;3,3;1507;-200;15,7;1170;574;488;224;1392;1999;11;51,4;0,6725
2015-02-12;16:00:00;3,4;1540;-200;16,7;1202;582;475;225;1440;2015;10,9;52;0,6796
2015-02-12;17:00:00;3,7;1556;-200;17,1;1214;658;472;227;1435;2026;11,1;52;0,6869
2015-02-12;18:00:00;4,6;1707;-200;23;1378;851;416;248;1637;2225;11;53,6;0,7033
2015-02-12;19:00:00;5;1766;-200;24,6;1419;903;404;251;1659;2317;11;55,1;0,7221
2015-02-12;20:00:00;5,7;1846;-200;26,8;1474;952;389;265;1712;2426;11,4;55,4;0,7471
2015-02-12;21:00:00;5,2;1795;-200;23,2;1382;894;410;262;1609;2355;11,1;56,9;0,7506
2015-02-12;22:00:00;5;1755;-200;22;1352;839;417;241;1587;2375;10,2;60;0,7461
2015-02-12;23:00:00;4,5;1738;-200;20,4;1309;743;424;231;1543;2494;10,1;59,9;0,7379
2015-02-13;00:00:00;4,1;1712;-200;18;1239;671;443;229;1488;2411;9,9;63,2;0,7706
2015-02-13;01:00:00;4,1;1751;-200;18,5;1255;689;435;221;1541;2226;9,4;73,4;0,8662
2015-02-13;02:00:00;3,1;1574;-200;13,3;1093;478;497;180;1451;1808;9,4;77,7;0,9203
2015-02-13;03:00:00;2,7;1458;-200;11,3;1024;-200;530;-200;1413;1571;9,6;78,7;0,9429
2015-02-13;04:00:00;2,8;1515;-200;12,5;1066;345;508;140;1430;1548;8,9;81,3;0,9277
2015-02-13;05:00:00;2,9;1491;-200;11,5;1031;373;515;153;1387;1541;8,5;82,9;0,9243
2015-02-13;06:00:00;2,6;1453;-200;10,9;1012;324;534;150;1348;1441;8,3;84;0,9234
2015-02-13;07:00:00;2,6;1443;-200;10,7;1003;341;542;145;1356;1396;8,1;85;0,9221
2015-02-13;08:00:00;2,8;1473;-200;11,9;1047;424;522;149;1420;1411;8,7;83,7;0,9423
2015-02-13;09:00:00;3,3;1548;-200;13,4;1097;522;491;155;1477;1497;9,5;82,4;0,976
2015-02-13;10:00:00;3,2;1586;-200;13;1084;492;495;158;1473;1619;11;78,2;1,022
2015-02-13;11:00:00;3,3;1488;-200;11,2;1023;492;533;188;1456;1590;14,1;67,9;1,0859
2015-02-13;12:00:00;1,5;1220;-200;5,5;787;204;675;154;1310;1163;16,3;56,6;1,0422
2015-02-13;13:00:00;1,2;1198;-200;4,9;758;142;698;107;1277;1001;18,7;48;1,0259
2015-02-13;14:00:00;1,1;1168;-200;6,5;836;118;666;92;1278;822;19,5;39,3;0,882
2015-02-13;15:00:00;1,7;1149;-200;8,4;917;126;616;106;1293;773;19,9;34,1;0,782
2015-02-13;16:00:00;1;1052;-200;4,4;734;115;799;90;1109;588;19,4;32,4;0,7239
2015-02-13;17:00:00;1;1053;-200;4,3;727;137;789;100;1081;610;17,1;35,8;0,6944
2015-02-13;18:00:00;2,6;1238;-200;11,6;1037;212;583;132;1388;1000;15,5;40,7;0,7103
2015-02-13;19:00:00;2,5;1188;-200;9;939;354;658;211;1234;1048;14,8;42,8;0,7182
2015-02-13;20:00:00;2,1;1150;-200;7,8;891;331;684;179;1198;1002;13,9;43,8;0,6937
2015-02-13;21:00:00;1;984;-200;3,7;694;141;881;116;1032;711;13,7;42,9;0,6687
2015-02-13;22:00:00;1,3;1111;-200;5,3;777;228;760;143;1137;1024;12,5;47,8;0,6877
2015-02-13;23:00:00;1,5;1131;-200;5,6;793;228;728;142;1173;1054;11,8;53,4;0,7366
2015-02-14;00:00:00;1,4;1115;-200;5,3;778;203;749;135;1158;994;10,9;55,9;0,7312
2015-02-14;01:00:00;1,6;1133;-200;6;811;215;708;136;1182;1031;10,1;58,9;0,7301
2015-02-14;02:00:00;1,1;1024;-200;4;709;142;798;109;1120;884;9,8;61,2;0,7413
2015-02-14;03:00:00;0,7;968;-200;2,8;639;-200;891;-200;1080;794;8,4;67,1;0,7411
2015-02-14;04:00:00;0,5;923;-200;1,8;567;66;994;62;1024;688;8,3;67,2;0,7382
2015-02-14;05:00:00;0,4;902;-200;1,5;548;54;1063;49;1024;617;7,7;68,9;0,728
2015-02-14;06:00:00;0,7;995;-200;2,9;646;121;895;81;1053;818;6,9;70;0,6997
2015-02-14;07:00:00;0,7;858;-200;2,2;597;141;1054;104;857;690;9;37,3;0,4297
2015-02-14;08:00:00;2,3;1233;-200;11,4;1030;388;619;176;1257;1291;9,4;44,9;0,5296
2015-02-14;09:00:00;2,5;1140;-200;9,5;958;366;627;193;1175;1200;10,3;45,4;0,5666
2015-02-14;10:00:00;1,7;1096;-200;11,6;1036;254;635;168;1043;1127;11,5;39,6;0,5372
2015-02-14;11:00:00;2,5;1295;-200;33,9;1639;164;477;123;1013;1582;11,7;36,9;0,506
2015-02-14;12:00:00;2,1;926;-200;7,6;882;142;744;111;913;700;11,8;36,2;0,4999
2015-02-14;13:00:00;1,1;970;-200;7;857;162;748;120;990;693;12;38,7;0,5402
2015-02-14;14:00:00;1,3;960;-200;6,9;853;177;782;123;967;709;13,7;30,3;0,4724
2015-02-14;15:00:00;1,1;941;-200;5,8;800;157;823;115;917;671;12,6;30,6;0,4443
2015-02-14;16:00:00;1,1;921;-200;5,2;771;162;850;120;885;632;13;27,4;0,4085
2015-02-14;17:00:00;1,4;940;-200;6,4;829;209;823;140;901;716;13,6;22,7;0,3529
2015-02-14;18:00:00;2,3;1036;-200;11,9;1046;304;694;185;1044;1059;11,8;23;0,3171
2015-02-14;19:00:00;4,2;1102;-200;17,4;1221;484;609;212;1136;1329;10,7;19,9;0,2547
2015-02-14;20:00:00;3,5;1035;-200;14,7;1141;399;670;200;1018;1196;10,4;18;0,2269
2015-02-14;21:00:00;3;990;-200;10;978;390;751;191;928;1131;9,7;20,6;0,2488
2015-02-14;22:00:00;1,7;950;-200;6,6;839;287;834;169;878;977;9,4;24,8;0,2923
2015-02-14;23:00:00;1,6;988;-200;6,6;839;202;803;139;936;963;8,8;31,2;0,3533
2015-02-15;00:00:00;1;884;-200;3,1;658;126;982;102;813;581;8,7;31,2;0,3521
2015-02-15;01:00:00;0,8;840;-200;2,2;597;87;1081;76;766;432;8,5;30,4;0,3391
2015-02-15;02:00:00;0,6;814;-200;1,3;526;59;1228;56;740;352;8;32,9;0,353
2015-02-15;03:00:00;0,4;821;-200;1,1;509;-200;1235;-200;762;348;7,1;37,4;0,3799
2015-02-15;04:00:00;-200;802;-200;0,5;440;31;1413;30;738;312;6,9;39,1;0,3901
2015-02-15;05:00:00;0,3;805;-200;0,5;437;28;1491;28;738;296;6,9;39,8;0,3966
2015-02-15;06:00:00;0,4;850;-200;1,3;529;64;1183;56;780;385;6,1;40,8;0,3868
2015-02-15;07:00:00;0,5;913;-200;2,5;619;123;1018;94;834;586;6;41,5;0,3896
2015-02-15;08:00:00;1,5;1047;-200;6,7;844;363;784;196;979;987;6,1;39,9;0,3781
2015-02-15;09:00:00;2,1;1055;-200;8;899;416;731;220;1017;1035;6,5;39,5;0,3865
2015-02-15;10:00:00;1,6;974;-200;5,3;778;286;832;168;905;782;9,4;32,7;0,3855
2015-02-15;11:00:00;1;863;-200;3,3;669;198;993;133;776;511;11,3;24,9;0,3318
2015-02-15;12:00:00;1,2;889;-200;4,4;734;216;942;134;801;566;12,8;19,8;0,2933
2015-02-15;13:00:00;1,3;906;-200;5,5;790;211;893;138;837;642;12,3;19,3;0,274
2015-02-15;14:00:00;1,4;874;-200;4,8;751;199;918;135;792;591;12;19,3;0,2716
2015-02-15;15:00:00;1;849;-200;3,5;680;161;1015;111;741;461;11,9;19,2;0,2677
2015-02-15;16:00:00;1,4;923;-200;4,9;761;218;909;124;840;609;12,1;20,7;0,2906
2015-02-15;17:00:00;1,5;962;-200;6,6;841;252;827;158;901;821;11,5;22,1;0,2987
2015-02-15;18:00:00;2,4;1067;-200;12,3;1059;337;671;181;1085;1163;10,4;23,1;0,2905
2015-02-15;19:00:00;2,8;1125;-200;14,1;1121;357;630;185;1132;1405;9,5;25,2;0,2996
2015-02-15;20:00:00;3,1;1149;-200;14,2;1124;410;623;187;1141;1405;8,9;26,9;0,3069
2015-02-15;21:00:00;3,1;1155;-200;11,6;1034;445;648;196;1061;1429;8,2;30,1;0,327
2015-02-15;22:00:00;2;1065;-200;8,2;908;314;741;174;953;1284;7,4;31,8;0,3287
2015-02-15;23:00:00;2,1;1145;-200;9,2;946;366;699;182;1015;1409;6,6;37,5;0,3664
2015-02-16;00:00:00;1,9;1134;-200;8,3;912;336;707;182;999;1376;6,3;40,1;0,3842
2015-02-16;01:00:00;2,5;1195;-200;10,7;1004;387;652;193;1078;1421;5,2;44,2;0,3943
2015-02-16;02:00:00;2;1141;-200;8;898;320;689;174;1014;1356;4,4;47,5;0,4017
2015-02-16;03:00:00;1,4;1077;-200;5,9;806;-200;725;-200;949;1296;4;49,1;0,4019
2015-02-16;04:00:00;1,1;1052;-200;4,5;740;237;768;142;913;1202;3,3;52,2;0,4074
2015-02-16;05:00:00;0,8;1033;-200;3,8;701;224;782;137;883;1206;3,2;52,4;0,4071
2015-02-16;06:00:00;0,9;1080;-200;5,1;768;237;732;140;924;1305;3,6;51,7;0,4123
2015-02-16;07:00:00;1,6;1208;-200;8,8;931;454;622;201;1052;1485;3,5;54,2;0,4297
2015-02-16;08:00:00;3,6;1363;-200;16,1;1183;854;520;288;1273;1643;5,2;48,3;0,4304
2015-02-16;09:00:00;3,3;1239;-200;13,4;1096;758;577;260;1211;1459;7,8;37,6;0,3994
2015-02-16;10:00:00;2,1;1044;-200;9;940;428;706;206;1014;1152;8,9;33,8;0,385
2015-02-16;11:00:00;1,3;956;-200;5;761;205;849;98;887;885;9,1;33;0,3827
2015-02-16;12:00:00;1,1;955;-200;4,3;725;205;890;138;880;770;9,1;34,5;0,3994
2015-02-16;13:00:00;1,5;997;-200;6,3;825;226;790;139;948;852;9,6;31,3;0,3763
2015-02-16;14:00:00;1,5;987;-200;6;810;199;801;137;939;830;8,5;36,3;0,4026
2015-02-16;15:00:00;1,6;1007;-200;5,7;798;253;793;155;942;867;9,3;34,6;0,405
2015-02-16;16:00:00;1,5;1025;-200;5,6;795;259;783;155;967;881;8,9;37,9;0,4318
2015-02-16;17:00:00;1,6;1083;-200;7;856;252;720;148;1010;975;8,2;41,8;0,4563
2015-02-16;18:00:00;2,2;1143;-200;9,5;960;313;641;153;1110;1136;7,4;44,5;0,4582
2015-02-16;19:00:00;3,4;1288;-200;15,9;1178;433;539;171;1300;1434;7;43,4;0,4366
2015-02-16;20:00:00;5,6;1464;-200;24,7;1421;611;457;227;1542;1746;6,6;43,4;0,4241
2015-02-16;21:00:00;5,2;1341;-200;16,8;1204;626;534;251;1294;1592;5,9;44,3;0,4137
2015-02-16;22:00:00;2,8;1177;-200;10,7;1004;408;640;216;1111;1341;5;46,6;0,4099
2015-02-16;23:00:00;2,4;1089;-200;8,3;913;357;712;200;1016;1208;5,8;40,3;0,374
2015-02-17;00:00:00;2,7;1196;-200;11;1014;375;643;192;1101;1334;5,4;43,8;0,3945
2015-02-17;01:00:00;2,6;1107;-200;7,4;874;326;721;187;984;1208;5,7;42,1;0,3883
2015-02-17;02:00:00;2,3;1102;-200;7,9;897;326;715;173;1024;1196;5,7;42,1;0,3885
2015-02-17;03:00:00;1;993;-200;3,6;688;-200;847;-200;874;931;5,8;42,9;0,399
2015-02-17;04:00:00;0,6;912;-200;1,7;559;72;1016;64;837;656;5,7;46,6;0,4298
2015-02-17;05:00:00;0,5;883;-200;1;496;49;1140;46;804;478;6,9;45;0,4499
2015-02-17;06:00:00;0,5;893;-200;1,1;507;59;1111;51;794;489;6,9;42,2;0,4224
2015-02-17;07:00:00;1;1033;-200;4;711;220;893;115;935;893;6,4;43,8;0,423
2015-02-17;08:00:00;2,6;1222;-200;9,7;966;602;636;238;1134;1322;6,6;44,6;0,4383
2015-02-17;09:00:00;2,7;1190;-200;10,6;1000;485;624;202;1152;1280;7,7;42,1;0,444
2015-02-17;10:00:00;1,8;1035;-200;5,4;783;295;794;167;969;943;10,1;36,7;0,4536
2015-02-17;11:00:00;1,2;990;-200;3,9;705;217;873;139;913;772;9;41,4;0,4775
2015-02-17;12:00:00;1,3;1011;-200;4,4;732;236;830;147;944;826;8,7;42,5;0,4787
2015-02-17;13:00:00;1,4;1041;-200;5;763;196;790;130;1003;808;8,3;47,8;0,5238
2015-02-17;14:00:00;1,8;1086;-200;6,8;850;233;723;143;1072;901;8,9;45,5;0,5208
2015-02-17;15:00:00;1,3;1021;-200;4,8;755;207;807;143;980;763;8,9;46,1;0,5256
2015-02-17;16:00:00;1,4;1014;-200;5;761;198;806;136;972;722;9;44,9;0,5173
2015-02-17;17:00:00;1,4;1023;-200;5,2;771;212;807;143;982;735;9,3;42,3;0,4974
2015-02-17;18:00:00;2,4;1172;-200;10;977;280;657;177;1160;1047;8,4;45,2;0,4977
2015-02-17;19:00:00;2,8;1172;-200;11,1;1017;315;623;198;1185;1163;7,6;47,8;0,5013
2015-02-17;20:00:00;3,3;1219;-200;12,9;1081;378;590;200;1246;1244;7,4;47,2;0,4871
2015-02-17;21:00:00;2,5;1106;-200;7,8;891;320;708;191;1058;1025;7,4;46,9;0,4854
2015-02-17;22:00:00;2,1;1078;-200;6,3;824;265;759;169;1016;982;6,9;48,2;0,4832
2015-02-17;23:00:00;1,2;939;-200;2,8;637;129;960;106;883;607;7,1;47,9;0,4867
2015-02-18;00:00:00;1,2;975;-200;3,3;670;129;943;105;910;616;6,9;48,7;0,4874
2015-02-18;01:00:00;1,3;958;-200;3,1;660;172;935;130;905;654;6,8;48,2;0,4792
2015-02-18;02:00:00;1;921;-200;2,1;594;100;1025;82;867;479;6,3;49,6;0,4787
2015-02-18;03:00:00;0,8;931;-200;1,9;580;-200;983;-200;863;487;5,6;52,9;0,4855
2015-02-18;04:00:00;-200;874;-200;0,7;472;49;1179;45;803;382;6,4;49,8;0,4814
2015-02-18;05:00:00;0,4;872;-200;0,8;476;36;1249;35;794;350;6,9;48,1;0,4796
2015-02-18;06:00:00;0,5;904;-200;1,3;530;79;1079;60;846;438;6,4;50,2;0,485
2015-02-18;07:00:00;0,7;951;-200;1,8;568;128;1021;90;888;578;6,4;50,7;0,4886
2015-02-18;08:00:00;2,1;1183;-200;7,9;896;456;673;205;1115;1140;6,9;48,8;0,4903
2015-02-18;09:00:00;2,5;1187;-200;9,8;970;477;625;199;1174;1203;8,4;44,6;0,4922
2015-02-18;10:00:00;2;1072;-200;7,4;874;342;715;153;1033;1000;10,8;37,1;0,4794
2015-02-18;11:00:00;1,4;1011;-200;5,3;780;254;805;163;964;806;11,2;36,2;0,4818
2015-02-18;12:00:00;1,3;997;-200;4,8;752;231;837;152;952;724;11,8;34,4;0,4758
2015-02-18;13:00:00;1,4;989;-200;5,6;791;213;804;146;953;690;11,5;33,1;0,4479
2015-02-18;14:00:00;1,6;1006;-200;6,6;837;208;775;146;971;757;10,9;32,6;0,426
2015-02-18;15:00:00;1,7;1016;-200;6,7;845;270;771;134;987;818;11,3;31,7;0,4249
2015-02-18;16:00:00;1,8;1069;-200;8,4;918;276;724;164;1045;936;11,6;30,9;0,4223
2015-02-18;17:00:00;2,4;1109;-200;10,3;989;375;664;141;1096;1133;11,1;32,2;0,4243
2015-02-18;18:00:00;2,8;1182;-200;12,6;1071;395;617;204;1187;1298;9,7;36;0,4333
2015-02-18;19:00:00;3,3;1253;-200;16;1179;421;573;210;1268;1387;8,5;39;0,4336
2015-02-18;20:00:00;4,8;1288;-200;17,6;1228;632;549;250;1333;1502;8,3;40,3;0,4411
2015-02-18;21:00:00;2,8;1153;-200;10,1;981;424;666;202;1097;1273;8;41,3;0,4448
2015-02-18;22:00:00;2,4;1161;-200;9,8;969;369;677;190;1111;1271;7;44,2;0,4446
2015-02-18;23:00:00;2,9;1271;-200;11,5;1031;484;618;236;1138;1464;5,4;51,8;0,4698
2015-02-19;00:00:00;2,7;1156;-200;8,2;909;456;684;250;1023;1384;4,1;55;0,4558
2015-02-19;01:00:00;2,1;1106;-200;6,8;850;373;727;219;997;1281;3,1;57,8;0,4462
2015-02-19;02:00:00;1,5;1008;-200;4,3;726;228;834;156;913;1083;3,1;56,7;0,4388
2015-02-19;03:00:00;1,2;966;-200;3,9;703;-200;865;-200;903;989;2,2;59,6;0,4333
2015-02-19;04:00:00;0,9;931;-200;2,6;627;117;948;98;860;911;2,3;58,9;0,4317
2015-02-19;05:00:00;0,8;922;-200;2,4;611;108;962;89;867;893;1,9;60;0,4276
2015-02-19;06:00:00;0,8;911;-200;2,3;606;126;950;104;866;894;1,9;60,3;0,4293
2015-02-19;07:00:00;1,1;993;-200;4,5;736;235;819;148;941;1018;0,9;64,6;0,4294
2015-02-19;08:00:00;1,9;1100;-200;8,5;919;339;678;194;1072;1191;0,6;65;0,4231
2015-02-19;09:00:00;2,5;1141;-200;9;940;399;651;231;1099;1285;2,1;59,9;0,4338
2015-02-19;10:00:00;2,2;1085;-200;5,7;800;346;750;200;983;1219;3,1;57,2;0,4402
2015-02-19;11:00:00;2,1;1153;-200;6,9;853;407;696;217;1027;1370;4,2;54;0,4483
2015-02-19;12:00:00;2,3;1122;-200;6,4;831;393;722;210;982;1317;7,4;43,8;0,4538
2015-02-19;13:00:00;1,2;992;-200;3,5;685;166;890;126;902;818;11,2;34,5;0,4586
2015-02-19;14:00:00;1,2;1018;-200;3,7;693;157;868;118;937;683;13,8;32,4;0,5084
2015-02-19;15:00:00;1,1;981;-200;2,9;649;141;924;114;901;573;12,4;34,9;0,5002
2015-02-19;16:00:00;1,1;988;-200;3,4;679;144;905;117;911;595;12,8;31,9;0,4684
2015-02-19;17:00:00;1,4;1059;-200;5,3;777;191;797;140;969;774;13,5;29,1;0,4486
2015-02-19;18:00:00;1,7;1110;-200;7,3;870;255;708;168;1057;1059;11,6;33,3;0,454
2015-02-19;19:00:00;2,5;1204;-200;10;979;379;639;202;1147;1326;10,9;34,9;0,4568
2015-02-19;20:00:00;2,7;1275;-200;12,3;1061;427;593;211;1203;1494;10,4;37,3;0,4708
2015-02-19;21:00:00;3,1;1297;-200;11,8;1044;509;600;231;1185;1559;9,7;39,7;0,4792
2015-02-19;22:00:00;2,8;1277;-200;10,4;991;459;609;214;1141;1575;9,1;41,9;0,4857
2015-02-19;23:00:00;1,9;1207;-200;7,7;888;293;664;181;1062;1447;9,3;41,9;0,4927
2015-02-20;00:00:00;1,9;1222;-200;7,5;880;269;684;173;1083;1367;9,4;44,7;0,5279
2015-02-20;01:00:00;1,7;1141;-200;6,1;816;244;745;169;1026;1230;8,5;45,8;0,5108
2015-02-20;02:00:00;2,2;1228;-200;8,3;913;293;643;174;1124;1396;7,8;50;0,53
2015-02-20;03:00:00;1,6;1120;-200;5,1;770;-200;756;-200;1012;1191;7,7;49,7;0,5242
2015-02-20;04:00:00;1,5;1067;-200;4,9;758;177;775;130;993;1009;8,2;46,9;0,5099
2015-02-20;05:00:00;0,8;947;-200;1,9;580;81;978;72;894;572;8,4;48,6;0,5375
2015-02-20;06:00:00;0,5;918;-200;1;501;42;1148;40;881;420;8;54,7;0,5883
2015-02-20;07:00:00;0,5;920;-200;1,1;506;61;1142;56;905;453;7,8;55,7;0,5914
2015-02-20;08:00:00;0,7;941;-200;1,5;541;101;1065;81;919;520;8;53,8;0,5796
2015-02-20;09:00:00;0,7;949;-200;1,6;552;98;1035;81;919;531;8,8;50,7;0,5752
2015-02-20;10:00:00;0,9;990;-200;2,3;604;114;944;88;947;579;10,1;47,6;0,587
2015-02-20;11:00:00;1;996;-200;2,5;620;118;928;94;946;570;10,6;45,8;0,5838
2015-02-20;12:00:00;1,1;1023;-200;2,5;623;120;916;97;976;571;9,1;56,2;0,6515
2015-02-20;13:00:00;1,1;1037;-200;2,8;636;151;891;112;1024;582;7,9;66,5;0,7124
2015-02-20;14:00:00;1;1017;-200;2,4;613;131;919;104;1007;551;8;65;0,6991
2015-02-20;15:00:00;1,1;1042;-200;3,3;671;145;861;107;1038;634;8,4;61;0,6721
2015-02-20;16:00:00;1,3;1037;-200;3,2;665;156;854;114;1013;633;8,6;57,3;0,6429
2015-02-20;17:00:00;1,2;1009;-200;2,8;640;151;915;115;996;613;8,4;56,3;0,6227
2015-02-20;18:00:00;1,3;1033;-200;3,4;675;173;853;127;1006;702;8;57,7;0,6222
2015-02-20;19:00:00;1,1;1016;-200;2,9;647;154;906;119;997;649;7,1;62,6;0,6341
2015-02-20;20:00:00;1,5;1076;-200;4,6;745;221;801;149;1040;841;7,4;59,3;0,6123
2015-02-20;21:00:00;1,4;1029;-200;3,8;699;193;851;140;1001;795;7,7;56,9;0,5994
2015-02-20;22:00:00;1,1;984;-200;3,1;661;130;898;105;965;638;7,7;54,4;0,5753
2015-02-20;23:00:00;1,3;1003;-200;3,7;694;156;876;116;976;663;7,7;53;0,5572
2015-02-21;00:00:00;1,4;1009;-200;3,3;671;148;877;112;1010;610;6,7;62,8;0,6188
2015-02-21;01:00:00;1,1;946;-200;2,1;588;93;1005;80;948;480;6,6;61,9;0,6056
2015-02-21;02:00:00;0,8;910;-200;1,2;518;66;1130;59;936;404;5,7;70,3;0,6498
2015-02-21;03:00:00;0,6;886;-200;0,7;464;-200;1273;-200;919;357;4,5;79,2;0,6751
2015-02-21;04:00:00;-200;879;-200;0,5;447;38;1317;36;910;348;4;81,5;0,6712
2015-02-21;05:00:00;0,5;907;-200;1;502;50;1129;49;947;399;3,9;81,5;0,6653
2015-02-21;06:00:00;0,6;949;-200;2,1;589;77;987;63;1001;464;3,3;84,3;0,6617
2015-02-21;07:00:00;1,2;1054;-200;5,5;786;183;766;123;1129;699;4,2;80,9;0,6742
2015-02-21;08:00:00;2,2;1214;-200;10,9;1010;256;609;164;1282;1006;5,1;75;0,6646
2015-02-21;09:00:00;2,9;1253;-200;13,3;1095;355;566;218;1375;1206;4,6;77,6;0,6651
2015-02-21;10:00:00;2,9;1197;-200;9,6;964;491;614;254;1260;1122;3,8;84,3;0,6811
2015-02-21;11:00:00;2;1156;-200;7;859;387;684;210;1196;1069;6,2;77,4;0,7383
2015-02-21;12:00:00;1,7;1132;-200;6,6;837;384;694;208;1199;1062;7,7;67,6;0,7133
2015-02-21;13:00:00;2,2;1207;-200;9,3;950;368;623;204;1303;1162;8,1;64,8;0,7039
2015-02-21;14:00:00;1,8;1127;-200;7,9;896;258;664;172;1227;1010;8,1;64;0,6942
2015-02-21;15:00:00;1,6;1112;-200;6,9;851;231;694;157;1184;931;6,9;71,3;0,7118
2015-02-21;16:00:00;1,9;1186;-200;8,6;925;290;641;181;1272;1025;7;73,7;0,7425
2015-02-21;17:00:00;2,2;1192;-200;10;976;335;618;194;1290;1110;7,3;70;0,7195
2015-02-21;18:00:00;2,2;1177;-200;8,8;931;293;656;193;1281;979;5,8;77,8;0,7223
2015-02-21;19:00:00;4,9;1478;-200;20,2;1301;526;469;252;1682;1409;5,4;80,9;0,7293
2015-02-21;20:00:00;6,3;1486;-200;19,7;1289;607;466;283;1633;1438;5,5;79,8;0,7261
2015-02-21;21:00:00;2,7;1118;-200;7,1;863;326;680;208;1194;1083;5,6;74;0,6808
2015-02-21;22:00:00;1,4;1019;-200;4,4;730;188;811;143;1082;916;5,6;71,9;0,6604
2015-02-21;23:00:00;1,2;961;-200;2,9;643;163;914;124;1046;825;6,4;70,7;0,6848
2015-02-22;00:00:00;0,8;931;-200;2,1;591;102;1015;89;1015;704;6,3;70,1;0,6733
2015-02-22;01:00:00;0,8;938;-200;2,1;592;95;992;85;1032;668;4,4;80,5;0,6825
2015-02-22;02:00:00;0,7;888;-200;1,1;511;71;1112;66;963;512;3,9;83,1;0,6787
2015-02-22;03:00:00;0,4;844;-200;0,6;454;-200;1327;-200;908;385;2,5;86,6;0,6407
2015-02-22;04:00:00;0,4;851;-200;0,5;440;46;1349;46;918;377;3,4;85,4;0,6736
2015-02-22;05:00:00;0,5;905;-200;1;503;62;1152;60;956;467;3,3;84,5;0,6608
2015-02-22;06:00:00;0,9;987;-200;2,6;628;170;929;117;1035;691;3,4;84,5;0,664
2015-02-22;07:00:00;1,5;1124;-200;6,7;842;313;690;178;1180;981;3,4;84,5;0,6677
2015-02-22;08:00:00;3,8;1408;-200;16,7;1200;687;490;295;1523;1369;4,1;82,7;0,682
2015-02-22;09:00:00;5,4;1501;-200;24;1403;757;418;243;1789;1589;4,6;80,3;0,6889
2015-02-22;10:00:00;3,5;1266;-200;15;1149;559;528;255;1435;1370;6,1;74;0,7025
2015-02-22;11:00:00;1,7;1082;-200;6,9;855;286;725;201;1140;1005;9,1;58,4;0,6787
2015-02-22;12:00:00;2;1123;-200;9,1;942;324;653;208;1225;1105;11,4;48,9;0,658
2015-02-22;13:00:00;2,1;1174;-200;10;979;316;611;212;1282;1142;8,3;64,4;0,7072
2015-02-22;14:00:00;3;1209;-200;12,9;1082;407;573;238;1355;1105;6,5;71;0,6903
2015-02-22;15:00:00;2,1;1120;-200;9;940;305;657;201;1245;917;6,6;71,1;0,6973
2015-02-22;16:00:00;2,5;1174;-200;10,9;1010;360;613;218;1305;1050;7,4;69,3;0,7165
2015-02-22;17:00:00;2,2;1068;-200;7,9;896;339;702;222;1177;848;6,4;70,6;0,6834
2015-02-22;18:00:00;2,4;1146;-200;10,2;985;304;650;206;1236;952;5,8;72,5;0,6718
2015-02-22;19:00:00;3,6;1204;-200;13,2;1089;397;601;251;1335;1059;5,6;71,6;0,6556
2015-02-22;20:00:00;2,6;1062;-200;8,1;903;270;717;190;1141;720;4,2;77,8;0,6491
2015-02-22;21:00:00;2,7;1122;-200;8,5;919;339;680;218;1201;981;4,3;79,5;0,6648
2015-02-22;22:00:00;1,4;940;-200;3,6;686;190;903;150;1005;648;4,5;75,5;0,6429
2015-02-22;23:00:00;0,9;935;-200;2,6;628;126;995;111;986;611;4,4;77,1;0,6523
2015-02-23;00:00:00;1,5;1011;-200;4,3;725;189;852;142;1050;773;4,2;78,2;0,6506
2015-02-23;01:00:00;1,1;952;-200;3,2;665;146;907;119;1007;703;4;79,3;0,6517
2015-02-23;02:00:00;0,8;899;-200;1,8;572;98;1063;87;951;560;3,9;78,7;0,643
2015-02-23;03:00:00;0,6;880;-200;1,4;533;-200;1161;-200;948;499;3,5;80,6;0,6403
2015-02-23;04:00:00;0,6;882;-200;1,2;516;75;1132;70;959;575;3,2;82,8;0,6426
2015-02-23;05:00:00;0,6;844;-200;0,7;466;77;1261;68;894;478;4,1;76;0,6304
2015-02-23;06:00:00;0,6;860;-200;1;497;72;1251;66;912;442;4,2;75,9;0,6311
2015-02-23;07:00:00;0,7;917;-200;2,2;597;152;1084;117;994;602;4,5;76,3;0,648
2015-02-23;08:00:00;1,7;1126;-200;7,7;886;337;719;197;1208;936;4,4;79,1;0,6687
2015-02-23;09:00:00;1,9;1033;-200;6,2;820;360;740;198;1114;870;4,3;79,8;0,6706
2015-02-23;10:00:00;1,4;944;-200;3,8;697;243;881;167;1022;688;3,1;83;0,6419
2015-02-23;11:00:00;1,3;955;-200;3,6;687;277;895;180;1004;706;2,8;83,9;0,6326
2015-02-23;12:00:00;1,2;992;-200;3,7;694;266;900;169;1020;756;3,9;79,5;0,6482
2015-02-23;13:00:00;1,9;1090;-200;8,3;910;317;701;210;1192;974;5,1;74,5;0,6621
2015-02-23;14:00:00;2,5;1151;-200;10,1;983;375;629;232;1244;1121;5,7;72,5;0,6686
2015-02-23;15:00:00;2,3;1148;-200;9,9;975;349;638;223;1243;1064;5,6;74,6;0,6826
2015-02-23;16:00:00;2,3;1140;-200;9,2;946;377;653;224;1231;1076;5,4;75,9;0,6875
2015-02-23;17:00:00;2,5;1160;-200;10,3;990;403;632;238;1254;1090;4,9;78,2;0,6826
2015-02-23;18:00:00;2,8;1167;-200;11,4;1027;422;610;249;1289;1119;4,8;79;0,6845
2015-02-23;19:00:00;2,7;1194;-200;11,7;1038;388;605;223;1317;1181;4,8;78,6;0,6826
2015-02-23;20:00:00;3,1;1224;-200;12,6;1071;431;590;244;1331;1240;4,6;78,2;0,6686
2015-02-23;21:00:00;2,9;1209;-200;11,4;1028;425;619;243;1264;1254;4,2;79,7;0,6647
2015-02-23;22:00:00;2,6;1145;-200;9,6;962;391;657;226;1212;1192;4,3;78,9;0,6621
2015-02-23;23:00:00;1,5;1016;-200;4,6;744;231;825;167;1053;1020;4,2;77,9;0,6479
2015-02-24;00:00:00;1,6;1018;-200;4,7;750;248;831;172;1051;916;3,2;83;0,645
2015-02-24;01:00:00;1,1;937;-200;2,6;625;142;977;120;983;798;5,1;74,5;0,6626
2015-02-24;02:00:00;0,9;949;-200;2,9;647;117;956;100;1023;762;4;80,8;0,6666
2015-02-24;03:00:00;0,7;895;-200;1,5;545;-200;1080;-200;964;685;4,3;81;0,677
2015-02-24;04:00:00;-200;884;-200;1,3;528;96;1148;86;960;619;2,9;85,3;0,6503
2015-02-24;05:00:00;0,6;883;-200;1,2;518;87;1135;81;962;606;3,3;84,5;0,6612
2015-02-24;06:00:00;0,8;968;-200;3;652;197;937;131;1051;788;3,6;84,4;0,6724
2015-02-24;07:00:00;1,5;1071;-200;5,5;787;290;755;170;1146;947;3,8;83,8;0,6771
2015-02-24;08:00:00;3,1;1310;-200;12,9;1082;621;555;267;1400;1254;4,1;82,5;0,6819
2015-02-24;09:00:00;3,8;1332;-200;14,5;1132;645;522;269;1439;1352;3,9;83,9;0,6847
2015-02-24;10:00:00;2,7;1178;-200;9;939;573;640;244;1228;1165;4,1;83,9;0,6967
2015-02-24;11:00:00;1,8;1093;-200;6,5;836;414;728;232;1142;1025;4,6;82;0,6997
2015-02-24;12:00:00;1,4;1060;-200;5,4;784;314;770;196;1117;941;5,5;79,5;0,7238
2015-02-24;13:00:00;1,7;1121;-200;7,4;873;317;697;195;1206;1000;6,7;76,2;0,7519
2015-02-24;14:00:00;1,9;1118;-200;7,7;888;290;685;189;1223;962;7,9;69;0,7394
2015-02-24;15:00:00;2,2;1205;-200;10,7;1002;385;612;212;1299;1214;8,5;66,3;0,7387
2015-02-24;16:00:00;3;1274;-200;13,3;1094;507;537;267;1364;1428;7,6;70,8;0,7399
2015-02-24;17:00:00;3;1301;-200;13,2;1092;534;525;262;1388;1484;7,2;72,4;0,7372
2015-02-24;18:00:00;3,9;1405;-200;17,5;1224;601;468;270;1503;1658;6,7;74,2;0,7326
2015-02-24;19:00:00;4;1375;-200;17,7;1230;583;473;260;1522;1632;6,1;75,8;0,7184
2015-02-24;20:00:00;3,9;1367;-200;17,5;1225;551;485;265;1492;1628;6,3;74,9;0,7187
2015-02-24;21:00:00;3,5;1324;-200;14,1;1121;547;531;262;1399;1481;6;78;0,7345
2015-02-24;22:00:00;2,4;1170;-200;8,4;917;385;652;227;1218;1205;5,6;81,2;0,7443
2015-02-24;23:00:00;2,1;1169;-200;7,9;895;318;681;192;1201;1106;5,5;81,5;0,7393
2015-02-25;00:00:00;2,5;1181;-200;8,1;905;356;657;202;1215;1106;5,3;84,1;0,753
2015-02-25;01:00:00;2,1;1146;-200;7,1;860;326;692;189;1181;1092;5,2;83,9;0,7487
2015-02-25;02:00:00;1,5;1059;-200;5,2;773;233;767;157;1127;984;5,1;83,5;0,7416
2015-02-25;03:00:00;1,1;1010;-200;3,4;679;-200;854;-200;1046;889;5;82,9;0,73
2015-02-25;04:00:00;1;1007;-200;3,4;677;116;863;97;1053;848;5;82,5;0,7265
2015-02-25;05:00:00;0,8;932;-200;2,1;595;120;991;100;1025;771;5;82,8;0,7273
2015-02-25;06:00:00;1;998;-200;4,1;717;228;872;146;1095;895;5,2;80,7;0,7219
2015-02-25;07:00:00;1,4;1072;-200;6,1;819;303;751;175;1161;1003;5,3;80,2;0,7179
2015-02-25;08:00:00;3,6;1424;-200;18,7;1260;-200;494;-200;1568;1442;5,7;79,7;0,734
2015-02-25;09:00:00;5,8;1527;-200;27,9;1502;-200;411;-200;1868;1727;6,2;76,8;0,7355
2015-02-25;10:00:00;4,2;1364;-200;17,8;1234;529;504;190;1533;1606;8,3;67,4;0,7384
2015-02-25;11:00:00;3,3;1190;-200;11,8;1044;615;615;166;1324;1354;10,8;52,1;0,6746
2015-02-25;12:00:00;1,7;1021;-200;6,6;839;298;771;153;1084;914;13;40,3;0,6028
2015-02-25;13:00:00;2,1;1051;-200;8,4;914;317;707;167;1122;913;10,9;44,8;0,5849
2015-02-25;14:00:00;2,2;1021;-200;7,6;882;305;727;137;1097;847;11,5;42,1;0,5706
2015-02-25;15:00:00;1,8;1016;-200;6,7;842;253;762;140;1067;778;12,5;38,5;0,5568
2015-02-25;16:00:00;2;1040;-200;7,9;893;296;723;150;1104;835;12,6;38,5;0,5586
2015-02-25;17:00:00;2,3;1089;-200;8,4;916;293;710;152;1124;903;12,3;38,4;0,5488
2015-02-25;18:00:00;2,8;1148;-200;12,1;1054;353;631;177;1233;1157;10,2;43,1;0,5366
2015-02-25;19:00:00;3,4;1162;-200;12,6;1070;399;625;189;1229;1237;8,6;48,2;0,5385
2015-02-25;20:00:00;4;1197;-200;13,6;1102;454;609;195;1309;1253;7,8;50,8;0,5384
2015-02-25;21:00:00;2,3;1059;-200;8,1;905;356;735;179;1098;1130;7,3;52,8;0,5404
2015-02-25;22:00:00;2,7;1207;-200;11,2;1023;473;629;188;1233;1373;6,2;62,4;0,5958
2015-02-25;23:00:00;2,7;1188;-200;10,1;983;482;648;170;1193;1338;5,1;68,2;0,6033
2015-02-26;00:00:00;2,8;1153;-200;8,8;933;443;687;161;1133;1268;4,7;69;0,5936
2015-02-26;01:00:00;2,1;1061;-200;6,8;849;373;757;145;1063;1125;4;69,8;0,5756
2015-02-26;02:00:00;1,9;1028;-200;6,4;831;320;771;136;1063;1054;3,4;71,3;0,5626
2015-02-26;03:00:00;2,1;1082;-200;6,7;843;-200;729;-200;1061;1090;2,8;74;0,5591
2015-02-26;04:00:00;1,7;1037;-200;5,2;771;233;784;122;1004;1029;2,3;75,1;0,5514
2015-02-26;05:00:00;1,3;942;-200;3,6;688;161;897;115;947;882;3,8;66,2;0,5359
2015-02-26;06:00:00;0,9;904;-200;2,7;633;137;993;103;897;717;4,6;60,5;0,5173
2015-02-26;07:00:00;1;855;-200;1,9;578;144;1121;108;855;599;5,7;54,3;0,5022
2015-02-26;08:00:00;1;914;-200;3,9;705;182;966;124;926;687;6,2;51,3;0,488
2015-02-26;09:00:00;1,5;933;-200;4,1;714;227;899;133;927;706;6,7;49,5;0,4892
2015-02-26;10:00:00;1,5;942;-200;3,7;696;203;920;124;912;682;8,8;45;0,5114
2015-02-26;11:00:00;1,4;943;-200;3,6;688;179;924;116;909;629;9,6;43,5;0,5202
2015-02-26;12:00:00;2,4;959;-200;4,1;717;171;892;113;939;664;9,8;43,3;0,5238
2015-02-26;13:00:00;2,8;971;-200;4,5;739;181;868;117;972;664;9,9;43,5;0,53
2015-02-26;14:00:00;2,9;954;-200;4,5;735;175;863;118;953;630;9,8;44,1;0,5332
2015-02-26;15:00:00;2,6;929;-200;2,9;645;148;962;108;906;524;9,7;45,1;0,5417
2015-02-26;16:00:00;2,5;933;-200;3,1;660;132;955;98;911;488;9;47,3;0,542
2015-02-26;17:00:00;2,7;967;-200;3,9;704;162;888;117;961;609;7,4;56;0,5797
2015-02-26;18:00:00;2,8;987;-200;4,2;723;185;863;126;974;684;6,4;61,7;0,5956
2015-02-26;19:00:00;3;1003;-200;5,2;772;234;821;142;1008;788;6,8;58;0,5758
2015-02-26;20:00:00;3,7;1138;-200;10,2;986;275;663;157;1188;1030;7,3;56,7;0,5806
2015-02-26;21:00:00;3,5;1087;-200;8,1;903;272;713;161;1106;1026;7,2;56,7;0,579
2015-02-26;22:00:00;3,8;1129;-200;8,5;920;331;689;169;1139;1182;6,7;59,1;0,5848
2015-02-26;23:00:00;4,3;1191;-200;10,7;1005;347;637;166;1224;1284;5,9;62,1;0,5808
2015-02-27;00:00:00;4,8;1256;-200;11,5;1032;488;612;189;1230;1371;6,3;60,4;0,5811
2015-02-27;01:00:00;4,2;1171;-200;9,5;960;404;679;184;1121;1234;5,5;60,2;0,5458
2015-02-27;02:00:00;3,3;1016;-200;5,3;780;255;798;145;1004;1060;4,6;64,4;0,5525
2015-02-27;03:00:00;3;1035;-200;5,8;805;-200;790;-200;1022;1038;3,5;68,8;0,5458
2015-02-27;04:00:00;-200;980;-200;4,6;744;174;840;119;979;970;2,8;70,9;0,5383
2015-02-27;05:00:00;1;901;-200;2,7;631;108;988;87;915;751;3,7;65,9;0,5295
2015-02-27;06:00:00;0,9;914;-200;3,1;655;107;949;77;949;742;1,6;74,3;0,5168
2015-02-27;07:00:00;1,1;940;-200;3,2;665;188;900;112;955;879;1,4;76,3;0,5261
2015-02-27;08:00:00;1,1;935;-200;3,6;689;225;894;118;949;871;2,5;69,5;0,5172
2015-02-27;09:00:00;1,2;970;-200;3,7;691;208;891;124;956;890;3,7;64,8;0,5208
2015-02-27;10:00:00;1,7;1064;-200;6,4;830;270;739;144;1053;1059;7,8;49,9;0,5307
2015-02-27;11:00:00;1,6;1023;-200;5,2;776;202;817;128;972;808;11,2;37,1;0,4936
2015-02-27;12:00:00;1,4;955;-200;3,9;706;168;888;120;884;616;12,6;30,6;0,446
2015-02-27;13:00:00;1,8;943;-200;4,1;714;191;898;131;868;609;10,3;32,9;0,4131
2015-02-27;14:00:00;1,1;895;-200;2,5;622;149;1012;115;804;471;10;35,5;0,4346
2015-02-27;15:00:00;0,9;890;-200;2,2;601;101;1053;82;803;391;8,8;40;0,4538
2015-02-27;16:00:00;1,1;904;-200;2,3;608;134;1033;100;807;398;8,3;40,3;0,4431
2015-02-27;17:00:00;1,1;888;-200;2,4;611;150;1035;111;791;419;7,9;38,9;0,4141
2015-02-27;18:00:00;1,2;905;-200;2,9;648;188;1007;132;822;509;6,8;41;0,4072
2015-02-27;19:00:00;1,6;974;-200;4,9;757;254;886;155;884;723;6;42;0,3962
2015-02-27;20:00:00;2,6;1048;-200;6,8;847;324;801;181;955;888;5,5;43,5;0,3963
2015-02-27;21:00:00;1,5;895;-200;3,1;660;238;975;155;826;596;4,6;46,8;0,4001
2015-02-27;22:00:00;1;875;-200;2,1;594;128;1079;105;793;451;4,5;48;0,4085
2015-02-27;23:00:00;1,3;943;-200;3,9;703;169;950;119;870;581;4,3;48,6;0,4069
2015-02-28;00:00:00;1,6;947;-200;3,8;697;215;913;150;878;698;4;50;0,4115
2015-02-28;01:00:00;1;865;-200;1,8;566;111;1119;94;797;423;4;52,9;0,4338
2015-02-28;02:00:00;0,6;823;-200;1;503;60;1268;56;755;332;4;51;0,42
2015-02-28;03:00:00;0,4;798;-200;0,6;452;-200;1435;-200;699;280;3,9;48,1;0,393
2015-02-28;04:00:00;0,3;781;-200;0,4;425;29;1609;28;667;261;3,8;48;0,3879
2015-02-28;05:00:00;0,3;781;-200;0,3;409;25;1664;25;669;252;3,6;50,3;0,4022
2015-02-28;06:00:00;0,3;779;-200;0,2;402;34;1665;31;684;257;2,8;52,6;0,3972
2015-02-28;07:00:00;0,4;817;-200;0,7;462;89;1378;66;732;308;2,5;52,7;0,3908
2015-02-28;08:00:00;1;893;-200;2,6;629;212;1015;111;837;456;2,7;50,5;0,3804
2015-02-28;09:00:00;1,2;883;-200;3,1;659;216;943;122;842;527;2,7;49,4;0,3714
2015-02-28;10:00:00;1;839;-200;2,3;608;191;1040;115;780;475;3,3;45,2;0,354
2015-02-28;11:00:00;0,9;809;-200;2;587;200;1084;123;744;434;3,1;43,3;0,3354
2015-02-28;12:00:00;0,8;805;-200;2;584;164;1137;119;726;385;3,7;38,8;0,3123
2015-02-28;13:00:00;1,1;840;-200;3,1;661;185;1016;125;757;435;4;36,8;0,3016
2015-02-28;14:00:00;1;812;-200;2,9;646;156;1045;110;731;421;3,7;35;0,2823
2015-02-28;15:00:00;0,8;782;-200;2,1;594;155;1134;111;673;371;3,4;32,4;0,2563
2015-02-28;16:00:00;0,9;799;-200;2,5;617;158;1099;114;699;382;3,3;33,1;0,2592
2015-02-28;17:00:00;0,9;812;-200;2,8;640;166;1093;114;716;408;2,6;35,1;0,2618
2015-02-28;18:00:00;2;922;-200;6,7;842;268;849;140;858;676;2,1;36,6;0,2634
2015-02-28;19:00:00;2,4;938;-200;8,1;903;309;790;141;885;798;1,6;37,9;0,2645
2015-02-28;20:00:00;2,5;939;-200;7,4;872;297;814;142;870;793;1,4;38;0,2615
2015-02-28;21:00:00;1,6;827;-200;3,6;687;225;1015;123;727;573;1;36,6;0,2456
2015-02-28;22:00:00;0,9;776;-200;1,9;580;122;1183;90;655;402;1,1;35,4;0,2382
2015-02-28;23:00:00;0,7;755;-200;1,4;538;100;1285;79;621;343;1;34,3;0,2292
2015-03-01;00:00:00;0,6;766;-200;1,2;515;86;1327;69;642;322;1;37,4;0,2487
2015-03-01;01:00:00;0,6;762;-200;0,9;487;71;1364;60;640;307;0,7;41,2;0,2693
2015-03-01;02:00:00;0,4;736;-200;0,6;453;39;1498;37;602;268;0,2;40,6;0,2566
2015-03-01;03:00:00;0,2;715;-200;0,2;387;-200;1791;-200;559;227;0,1;40;0,2499
2015-03-01;04:00:00;0,2;716;-200;0,2;390;29;1804;27;551;221;-0,1;37,5;0,2326
2015-03-01;05:00:00;0,2;731;-200;0,3;408;32;1727;30;561;225;-0,3;38,4;0,2347
2015-03-01;06:00:00;0,2;735;-200;0,3;407;37;1677;33;579;232;-0,6;40,1;0,2404
2015-03-01;07:00:00;0,5;779;-200;1;500;134;1361;84;652;313;-0,6;41,4;0,2478
2015-03-01;08:00:00;1,5;915;-200;5,2;774;358;911;147;839;629;-0,2;40,2;0,2478
2015-03-01;09:00:00;1,9;905;-200;6,1;818;354;853;143;840;790;0,6;36,8;0,2388
2015-03-01;10:00:00;1,4;835;-200;3,6;688;284;988;122;720;630;2,8;30,3;0,2294
2015-03-01;11:00:00;0,9;798;-200;2,3;609;213;1122;109;660;472;3,1;29,1;0,224
2015-03-01;12:00:00;0,7;783;-200;1,9;580;174;1181;95;647;378;3,3;29,2;0,2288
2015-03-01;13:00:00;0,8;807;-200;2,6;623;157;1097;94;684;384;3,1;31;0,2386
2015-03-01;14:00:00;1;827;-200;3,1;660;178;1030;102;709;426;3,2;30,8;0,2399
2015-03-01;15:00:00;0,9;822;-200;2,7;632;187;1074;107;701;442;3,3;31,5;0,2464
2015-03-01;16:00:00;1;830;-200;3;655;198;1045;113;710;467;4,1;28,6;0,2363
2015-03-01;17:00:00;0,9;833;-200;3;653;186;1073;110;708;448;3,9;29,2;0,2378
2015-03-01;18:00:00;1,4;882;-200;5;766;203;922;116;815;582;1,9;35;0,2494
2015-03-01;19:00:00;2,1;967;-200;7,5;880;313;815;148;887;892;1,8;35,4;0,2497
2015-03-01;20:00:00;2,8;1009;-200;9,5;958;342;751;156;935;1006;1,4;36,5;0,2503
2015-03-01;21:00:00;2,2;911;-200;5,3;777;310;913;159;796;852;0,8;36,3;0,2388
2015-03-01;22:00:00;1;808;-200;2,4;613;165;1137;116;672;543;0,6;34,1;0,221
2015-03-01;23:00:00;1,1;812;-200;2,5;621;152;1143;110;669;529;0,3;31,9;0,2031
2015-03-02;00:00:00;0,9;790;-200;2,2;597;141;1184;102;637;465;0,2;30,2;0,191
2015-03-02;01:00:00;0,8;765;-200;1,5;544;122;1253;93;601;405;0;29,7;0,1847
2015-03-02;02:00:00;0,6;761;-200;1,3;525;79;1307;67;605;332;-0,1;31,9;0,1975
2015-03-02;03:00:00;0,5;788;-200;0,9;486;-200;1294;-200;650;420;-1,1;41,4;0,2379
2015-03-02;04:00:00;-200;790;-200;0,7;471;81;1302;75;669;532;-1,4;44,9;0,2536
2015-03-02;05:00:00;0,4;804;-200;0,9;489;77;1262;73;698;630;-1,3;46,3;0,2635
2015-03-02;06:00:00;0,5;831;-200;1,4;537;124;1158;96;722;768;-1,2;47,2;0,27
2015-03-02;07:00:00;0,7;881;-200;3,5;680;159;1023;110;813;866;-1,3;47,5;0,2702
2015-03-02;08:00:00;2,4;1099;-200;11;1013;396;690;150;1056;1254;-1,9;51,4;0,2801
2015-03-02;09:00:00;2,8;1100;-200;12,4;1065;479;669;169;1072;1347;-0,5;45,9;0,2763
2015-03-02;10:00:00;2;1042;-200;8,3;910;438;774;181;922;1216;4,6;32,5;0,2783
2015-03-02;11:00:00;2,2;1026;-200;8,9;935;466;747;187;942;1151;7,5;24,3;0,2528
2015-03-02;12:00:00;1,4;905;-200;5,7;796;288;900;146;767;699;9,6;18,8;0,2246
2015-03-02;13:00:00;1,2;891;-200;5,5;790;205;927;131;764;584;9,3;18,4;0,2157
2015-03-02;14:00:00;1,9;968;-200;9;938;311;790;161;897;836;9,7;18,6;0,2244
2015-03-02;15:00:00;1,3;909;-200;6,3;826;246;898;143;802;626;10,1;16,7;0,2062
2015-03-02;16:00:00;2;938;-200;9,1;945;356;804;176;855;878;11,8;13,5;0,1862
2015-03-02;17:00:00;2;971;-200;8,4;917;397;802;178;885;952;11,6;15,3;0,2086
2015-03-02;18:00:00;3,4;1148;-200;17,5;1226;579;624;207;1126;1460;9,1;19,2;0,2225
2015-03-02;19:00:00;5,1;1299;-200;23,3;1384;819;523;240;1325;1855;7,2;25,6;0,2611
2015-03-02;20:00:00;5,3;1315;-200;19;1269;754;551;236;1282;1860;6,1;34;0,3237
2015-03-02;21:00:00;2,8;1180;-200;11,1;1020;473;656;199;1054;1629;5,1;36,4;0,323
2015-03-02;22:00:00;1,6;1070;-200;6,2;821;300;754;170;936;1454;4,8;39,6;0,344
2015-03-02;23:00:00;1,4;1031;-200;5;763;235;818;153;905;1348;5;39,6;0,3479
2015-03-03;00:00:00;1,4;1047;-200;5,3;778;207;799;140;907;1326;4,1;41,7;0,3456
2015-03-03;01:00:00;1,4;1030;-200;4,2;724;204;832;138;893;1285;4,4;43,3;0,3656
2015-03-03;02:00:00;1,1;986;-200;3,5;682;155;875;117;884;1205;3,8;45,9;0,3728
2015-03-03;03:00:00;0,9;992;-200;3;655;-200;876;-200;887;1220;3,6;49,7;0,396
2015-03-03;04:00:00;1;1076;-200;4,1;715;179;783;119;947;1448;3,4;56,3;0,4455
2015-03-03;05:00:00;1;1104;-200;4;713;143;754;108;1001;1433;2,9;67,9;0,5183
2015-03-03;06:00:00;1,2;1160;-200;5,1;770;212;702;121;1063;1447;2,8;74,1;0,5618
2015-03-03;07:00:00;1,4;1217;-200;6,7;846;263;650;136;1120;1481;2,9;75,6;0,5742
2015-03-03;08:00:00;3;1457;-200;15,6;1167;648;496;175;1422;1785;3,8;72,4;0,5867
2015-03-03;09:00:00;4,2;1337;-200;17,1;1212;717;529;211;1406;1756;5,9;50,2;0,4706
2015-03-03;10:00:00;2,1;1111;-200;8,8;931;389;687;186;1069;1368;7,3;39,4;0,4035
2015-03-03;11:00:00;2;1165;-200;6,9;852;438;692;177;1155;1197;3,6;75,9;0,6055
2015-03-03;12:00:00;1,6;1129;-200;5,4;783;282;757;147;1127;1084;3,6;78,6;0,6283
2015-03-03;13:00:00;1,4;1092;-200;4,9;759;268;773;150;1088;1039;5,3;69,2;0,6213
2015-03-03;14:00:00;1,6;1096;-200;5,3;777;248;767;148;1107;961;6,1;66;0,6255
2015-03-03;15:00:00;1,5;1108;-200;5,4;783;272;758;151;1115;964;6;70,1;0,6577
2015-03-03;16:00:00;1,7;1124;-200;5,5;787;291;740;151;1147;941;6,3;72,1;0,6907
2015-03-03;17:00:00;1,9;1216;-200;7,5;879;363;670;165;1252;1111;6,3;75,7;0,7252
2015-03-03;18:00:00;3,8;1437;-200;16,7;1202;660;507;197;1510;1459;5,6;80,4;0,7382
2015-03-03;19:00:00;5,4;1473;-200;18,2;1245;907;476;228;1539;1519;4,9;82,4;0,7201
2015-03-03;20:00:00;4,2;1396;-200;15,5;1164;639;508;196;1488;1412;4,3;84;0,7051
2015-03-03;21:00:00;3,8;1285;-200;10,9;1013;574;568;192;1331;1336;4,3;83,6;0,7025
2015-03-03;22:00:00;2,3;1206;-200;8,7;928;373;621;161;1235;1285;4,6;82,5;0,7066
2015-03-03;23:00:00;2,1;1179;-200;7,3;868;330;664;156;1205;1240;4,4;82;0,6938
2015-03-04;00:00:00;2,3;1213;-200;7,5;877;336;654;158;1206;1282;4,3;80,9;0,6791
2015-03-04;01:00:00;2,3;1142;-200;6,8;849;347;680;154;1173;1189;4,1;81,2;0,6721
2015-03-04;02:00:00;1,7;1089;-200;4,7;750;241;765;138;1108;1117;3,9;80,9;0,6613
2015-03-04;03:00:00;1,2;982;-200;2,5;617;-200;891;-200;977;1024;4,5;70,6;0,6004
2015-03-04;04:00:00;0,6;888;-200;1,3;526;96;1134;92;912;744;4,5;65,1;0,5547
2015-03-04;05:00:00;0,9;979;-200;2,2;602;147;925;103;993;928;4;75,2;0,6161
2015-03-04;06:00:00;1,1;1023;-200;3,6;690;210;833;117;1049;1006;3,7;76,4;0,6164
2015-03-04;07:00:00;1,9;1153;-200;7,5;878;409;682;139;1180;1173;3,1;77,3;0,5985
2015-03-04;08:00:00;3,7;1393;-200;16,8;1204;719;506;167;1497;1568;3,7;74,4;0,5992
2015-03-04;09:00:00;6,1;1567;-200;28;1502;959;399;205;1848;1913;5;69,4;0,6118
2015-03-04;10:00:00;4,6;1334;-200;15,8;1174;744;524;216;1432;1643;6,5;60,9;0,5919
2015-03-04;11:00:00;3,3;1280;-200;15,5;1165;583;533;192;1435;1605;7,6;59,8;0,6245
2015-03-04;12:00:00;3,3;1330;-200;14,9;1145;597;537;188;1399;1668;8,6;57,6;0,6471
2015-03-04;13:00:00;3,4;1349;-200;16,4;1193;550;507;189;1493;1710;10,9;52,4;0,6826
2015-03-04;14:00:00;3,6;1349;-200;15,6;1167;499;515;192;1443;1632;12,3;48,3;0,6871
2015-03-04;15:00:00;3,9;1344;-200;16,1;1182;470;525;194;1411;1545;12,5;43,4;0,6298
2015-03-04;16:00:00;4,8;1337;-200;16,6;1198;568;521;217;1401;1557;11,9;42,3;0,5902
2015-03-04;17:00:00;3,9;1316;-200;15,9;1177;525;544;178;1392;1529;12,3;41,2;0,5867
2015-03-04;18:00:00;3,6;1253;-200;13,3;1094;481;575;183;1327;1430;10,8;48,1;0,6235
2015-03-04;19:00:00;3,6;1258;-200;14,9;1144;414;558;189;1336;1509;8,9;52,5;0,5996
2015-03-04;20:00:00;4,6;1326;-200;18,5;1253;565;514;225;1479;1615;8,4;54,7;0,6057
2015-03-04;21:00:00;2,3;1109;-200;7,9;896;303;710;175;1132;1242;7,5;58,7;0,6112
2015-03-04;22:00:00;1,6;1029;-200;5;762;221;820;153;1049;1065;6,9;60;0,5977
2015-03-04;23:00:00;1,8;1112;-200;6,5;833;260;759;156;1104;1180;6,6;61,3;0,5995
2015-03-05;00:00:00;2,2;1100;-200;6;810;327;768;172;1070;1158;6,3;59,8;0,5761
2015-03-05;01:00:00;2,1;1136;-200;6,8;849;344;715;164;1132;1216;5,4;65,8;0,5935
2015-03-05;02:00:00;1,7;1000;-200;4;712;270;848;157;989;971;5,8;59,6;0,5523
2015-03-05;03:00:00;1,5;1041;-200;4,4;732;-200;789;-200;1003;1076;4,9;62,6;0,5477
2015-03-05;04:00:00;-200;1009;-200;4;710;191;819;136;974;1011;4,4;63,9;0,5385
2015-03-05;05:00:00;1,1;975;-200;3,5;681;136;889;110;948;813;4,2;62,5;0,5191
2015-03-05;06:00:00;1,1;993;-200;4,3;727;194;810;128;989;1001;3,1;68,6;0,5302
2015-03-05;07:00:00;0,8;872;-200;2;587;168;1082;132;866;655;4,6;54,6;0,4682
2015-03-05;08:00:00;1,3;1017;-200;6,1;818;254;842;156;1034;933;5;54,5;0,4788
2015-03-05;09:00:00;2,3;1070;-200;8,7;928;410;701;185;1112;1088;7;48,1;0,4847
2015-03-05;10:00:00;1,1;915;-200;3,1;658;166;957;121;866;562;10;37,7;0,4643
2015-03-05;11:00:00;1,1;978;-200;5,2;772;162;870;117;955;586;13;30,3;0,452
2015-03-05;12:00:00;1,5;968;-200;5,3;777;188;830;133;929;617;14;28,1;0,4476
2015-03-05;13:00:00;1,6;1008;-200;6,7;843;199;787;136;998;705;13,3;28,9;0,4399
2015-03-05;14:00:00;2,2;1025;-200;8,3;913;272;724;162;1035;814;13,4;29;0,4436
2015-03-05;15:00:00;1,5;983;-200;5,9;806;180;820;132;966;615;13,5;28,3;0,4374
2015-03-05;16:00:00;1,8;1018;-200;7,3;868;255;751;162;1015;804;13;29,7;0,442
2015-03-05;17:00:00;2;1101;-200;8,4;916;251;721;159;1125;861;11,6;38,7;0,5271
2015-03-05;18:00:00;1,9;1116;-200;7,7;888;258;695;156;1176;980;8,6;56,3;0,6312
2015-03-05;19:00:00;2,5;1161;-200;9,1;945;344;654;177;1205;1077;8,5;57,9;0,6435
2015-03-05;20:00:00;2,6;1212;-200;10,9;1010;380;622;185;1284;1214;7,8;63,4;0,6735
2015-03-05;21:00:00;3,2;1225;-200;10,2;985;464;635;199;1255;1169;7,2;69,5;0,7084
2015-03-05;22:00:00;2,2;1154;-200;7,8;891;304;697;166;1197;1079;6,5;74,7;0,7248
2015-03-05;23:00:00;1,9;1140;-200;7;856;258;707;152;1171;1147;6,5;73,9;0,7224